,Load,0,1,2,3,4,5,6,7,8,9,10,11,12,13,14,15,16,17,18,19,20,21,22,23
3,184.7747996429185,185.50845,185.53462,186.19853,188.47504,199.27618,206.19914,209.13382,210.20496,210.12729,208.84271,208.0275,207.03519,206.19214,206.62689,206.33713,203.32584,204.3698,204.41801,200.64241,197.78568,190.96588,187.22183,184.01974,183.48157
4,194.0425517327652,186.08821,183.8278,184.43054,188.82657,220.50195,303.05905,377.6752,399.56818,406.03403,404.86414,387.32828,392.75168,392.79126,382.93384,351.53082,320.4377,320.6648,352.91776,349.78253,328.38528,282.367,247.0431,206.90239,195.46724
5,153.9602968316656,154.57164,154.5934,155.14659,157.03908,166.04329,171.81175,174.24742,175.14955,175.08482,174.01445,173.33514,172.50833,171.80592,172.16815,171.92671,169.41757,170.28752,170.3277,167.18173,164.80138,159.11894,155.99924,153.33116,152.89235
6,64.56250269895125,64.818855,64.82799,65.03923,65.855415,69.62945,72.05299,73.073845,73.4481,73.42098,72.97213,72.65919,72.34053,72.045975,72.197876,72.09666,71.04444,71.41038,71.42609,70.10681,69.108665,66.725746,65.417496,64.29808,64.11467
7,247.2282587667932,237.60628,235.26907,237.09941,240.90341,282.17834,376.2779,473.23395,491.41577,505.4338,502.8657,481.60306,488.74307,487.17175,476.21463,433.0414,395.96396,393.43292,430.53934,428.98657,400.10852,340.16547,307.28207,261.01047,250.21533
9,95.03312334513198,95.41045,95.42388,95.734856,96.936195,102.49144,106.06096,107.555504,108.11235,108.072395,107.411705,106.99241,106.48206,106.04847,106.27207,106.12304,104.574234,105.1108,105.136,103.194115,101.72486,98.21733,96.29166,94.64478,94.37394
10,105.91811553306484,99.240005,96.82982,97.66302,102.821686,126.30622,189.93568,249.778,262.51575,270.96555,265.4532,254.36908,258.53653,258.95053,248.53761,226.20009,203.9342,207.05385,238.97302,236.51822,213.9057,178.85872,150.06015,117.02543,108.57167
11,374.0738237651835,359.14365,351.2538,351.32245,361.45673,431.78897,611.21674,762.74225,799.517,813.974,818.3832,796.4832,790.64276,789.1988,772.71515,693.58124,623.0498,629.6827,691.9285,691.66046,639.5779,532.73553,476.37405,399.81372,378.7224
12,177.91366481208834,172.17091,170.66144,171.87723,174.56438,203.14322,266.77396,327.45248,343.469,352.57376,351.49142,336.9449,341.59628,340.9798,332.8167,306.74814,277.17157,264.54013,299.0942,298.79385,277.7829,237.7855,216.04213,185.74963,178.58142
13,285.54239669684046,286.67612,286.71664,287.79794,290.85394,307.97025,318.6505,323.18567,324.49484,324.72095,322.7359,321.47595,319.94257,318.63974,319.31158,318.86377,314.21024,315.82358,315.89822,310.06354,305.64883,295.1098,289.32385,284.37558,283.5439
14,117.88477288035536,118.34828,118.35687,118.75525,120.24549,127.13166,131.55331,133.41827,134.109,134.05946,133.23987,132.71974,132.08669,131.54889,131.82625,131.64136,129.72012,130.38568,130.41702,128.00815,126.1856,121.834625,119.44592,117.403046,117.059685
15,157.17971645511724,157.80383,157.82603,158.34032,160.10349,169.51537,175.4044,177.89102,178.81207,178.746,177.65915,176.95976,176.1156,175.3985,175.76833,175.52185,172.96019,173.84763,173.88936,170.67764,168.2475,162.44621,159.2613,156.53743,156.07962
16,219.0798725192097,216.48276,215.57465,215.8007,222.61263,243.15541,265.7647,274.75858,278.69763,278.16394,274.82623,274.75244,272.39975,272.71295,270.14676,274.7406,291.5233,305.30765,315.52905,311.46954,300.2424,278.94183,255.59772,231.0156,219.28369
17,317.5297430369416,318.7782,318.83545,319.97635,323.8885,342.44977,354.01056,359.37015,361.23065,361.09726,358.9017,357.48874,355.78354,354.33472,355.08188,354.55283,349.409,351.20325,351.28595,344.79776,339.8885,328.16888,321.73486,316.23227,315.3073
18,705.9132500500953,676.07495,666.4839,668.26825,691.2915,793.2272,1120.7021,1390.5897,1452.7758,1492.4349,1478.8129,1415.4547,1440.5541,1437.5854,1397.2566,1276.6583,1161.6575,1166.9619,1291.196,1275.9197,1207.109,1021.14197,901.6305,755.21643,718.9303
20,252.70532302201948,253.69894,253.77599,254.70146,257.36618,272.53784,282.00607,286.00385,287.48465,287.40625,285.6216,284.50656,283.1496,282.01053,282.5912,282.17,278.07632,279.50314,279.57022,274.40646,270.4994,261.1726,256.05203,251.6727,250.9366
23,914.8476912704408,876.31805,863.05994,867.2869,884.6295,1042.9142,1476.606,1837.6534,1912.0094,1976.9573,1968.3768,1870.3535,1906.6488,1900.6216,1845.6724,1695.0304,1529.7264,1532.6987,1703.5082,1684.8254,1581.8055,1343.7378,1178.1212,984.4545,935.5869
24,125.84762615638488,126.34729,126.38081,126.77434,128.18858,135.72427,140.43436,142.4382,143.16777,143.11487,142.23997,141.6847,141.00883,140.43474,140.73508,140.5164,138.48242,139.19577,139.22636,136.65482,134.70918,130.0643,127.51425,125.33337,124.966805
25,182.9685582626172,180.91348,180.57173,180.80513,184.55518,202.62004,219.518,227.1003,229.2077,229.05698,226.05907,225.82825,224.91129,224.53723,222.85332,225.52939,237.79433,247.21817,254.46078,252.09074,242.24883,227.52344,208.83807,191.06407,182.52261
26,148.4550606180002,143.2944,141.27133,140.6325,144.20013,171.73222,237.21364,298.58206,319.63373,321.98035,323.28104,307.10516,312.6263,312.64792,305.6337,275.87546,247.73541,247.53802,273.37354,272.8946,253.0899,208.57095,187.09253,158.81363,148.7088
27,702.3690355542886,686.29706,681.0482,682.8795,705.1917,801.87177,977.17664,1152.1616,1187.6036,1208.9132,1189.6808,1158.2035,1174.7866,1180.0144,1151.131,1075.9263,1010.4839,1009.63403,1079.5884,1082.3632,1022.73016,906.2499,816.8298,731.30194,702.148
29,196.47466002987912,197.2548,197.2826,198.02666,200.4092,211.89421,219.2695,222.37611,223.51508,223.4325,222.06653,221.11426,220.14455,219.24815,219.71042,219.37567,216.20032,217.31386,217.36171,213.34703,210.30939,203.05775,199.0766,195.67181,195.09952
30,1189.3677121834648,1143.6824,1125.7896,1136.5546,1151.1674,1415.2528,1956.8552,2501.8894,2613.5098,2689.2686,2666.3616,2549.7458,2604.3796,2629.989,2521.3206,2232.2253,1923.8525,1863.6921,2146.0068,2122.9746,1982.0206,1610.801,1440.474,1251.9412,1207.0752
31,326.2313789895566,327.51407,327.5728,328.80838,332.75507,351.83444,364.05734,369.2183,371.12985,370.99286,368.72482,367.28546,365.53345,364.04498,364.8126,364.25677,358.9843,360.8261,360.91278,354.2467,349.20294,337.16223,330.55176,324.89832,323.948
32,142.77119834842023,143.33806,143.35832,143.89897,145.42697,153.98512,159.32526,161.59283,162.24742,162.36047,161.36795,160.73798,159.97128,159.31987,159.65579,159.43188,157.10512,157.91179,157.94911,155.03177,152.82442,147.5549,144.66193,142.18779,141.77196
33,1127.555084523788,1079.287,1065.8099,1069.7689,1088.4987,1371.88,1918.7432,2463.4119,2582.5823,2649.5605,2640.793,2517.726,2573.4617,2571.3083,2467.0073,2196.968,1848.3575,1794.9667,2092.1108,2097.2627,1923.3722,1545.5797,1389.5985,1184.234,1142.4005
34,185.50254050235537,178.92139,177.4235,177.59027,184.71268,212.59593,245.44264,262.83896,269.00082,268.4758,265.99707,262.7771,259.5639,262.4124,253.21054,263.60153,297.7997,335.31607,352.41528,345.59613,326.24017,292.1495,249.32246,207.5733,185.95044
35,256.2813998457938,240.50569,236.56961,237.02437,245.75664,300.1247,454.29486,590.74457,635.3386,651.6096,643.9306,614.51324,625.1732,628.4651,604.8508,547.7098,490.77383,503.04044,571.8537,574.43005,507.5458,424.02243,360.46976,284.38913,262.30807
3,185.46888811061447,185.4956,186.12608,188.56303,199.17755,206.1905,208.74496,210.09721,209.76643,209.00394,207.88226,206.93718,206.23099,206.57352,206.10593,203.33568,204.5769,204.34546,200.6195,197.27905,191.16698,187.09163,184.0538,183.49106,184.04715
4,189.55089805627324,186.39911,184.8977,189.79672,220.5441,303.9434,381.8582,395.36105,407.62433,405.01392,387.42664,394.54556,392.4399,382.6357,351.56967,318.18857,321.1467,353.8713,351.59744,328.03503,282.55444,249.28033,207.90227,195.45586,189.08078
5,154.53863363257364,154.56097,155.08624,157.11673,165.94441,171.80455,173.93298,175.03096,174.78416,174.14877,173.21414,172.42664,171.83826,172.1237,171.73405,169.42581,170.46002,170.26727,167.1627,164.37929,159.28647,155.89075,153.35951,152.89062,153.36578
6,64.8050254274593,64.81438,65.03465,65.83702,69.594986,72.045395,72.97537,73.41047,73.29486,73.02846,72.636536,72.35541,72.05955,72.17923,72.015854,71.04791,71.48158,71.39996,70.09886,68.93163,66.796005,65.37203,64.31056,64.11334,64.31318
7,242.47006969736063,237.34148,235.26907,242.34027,290.48337,377.4954,475.5811,491.2116,497.06766,511.66495,481.9799,489.19397,488.19928,476.93375,432.4218,396.54532,392.68216,429.02875,428.32388,402.42874,339.344,308.71835,259.745,250.97194,238.94823
9,95.39010598069946,95.40387,95.7281,96.909134,102.4407,106.04761,107.40378,108.03914,107.8868,107.49462,106.917725,106.43161,106.06845,106.24462,106.004135,104.57933,105.217705,105.085724,103.182396,101.46428,98.32074,96.224724,94.66228,94.372856,94.66617
10,101.88827585556484,98.9403,97.53815,101.56057,129.24825,187.88155,243.85173,260.51593,270.94272,267.6472,254.59047,258.82654,259.102,250.77336,226.01526,203.32826,209.8887,238.1512,237.61598,213.42221,178.90678,153.06651,117.16952,108.1934,102.06035
11,365.3920536699592,359.05542,353.7138,360.90146,426.08655,598.7007,753.6116,799.4347,808.0491,825.6543,786.3227,795.09625,792.5793,769.9863,694.0173,625.5701,622.9621,693.01904,690.35016,640.431,533.9694,477.51932,398.76175,378.46732,359.2956
12,175.0141641219993,172.74626,170.79106,175.44261,201.74922,265.63367,327.12006,345.1005,352.49503,352.59943,337.23853,343.34097,341.1931,332.44986,304.96207,277.41202,264.73865,300.04352,297.37393,278.32346,237.89369,217.50906,185.6409,178.67654,173.22691
13,286.6150087898778,286.65628,287.63068,291.41516,307.82483,318.35394,322.58472,324.6745,324.58023,322.98505,321.2516,319.79108,318.69983,319.22913,318.50656,314.2255,316.14368,315.78598,310.0282,304.8661,295.42056,289.12265,284.4281,283.55856,284.41794
14,118.32759550298212,118.3407,118.737686,120.21193,127.073616,131.54915,133.1775,134.01823,133.82924,133.34285,132.6271,132.02419,131.57361,131.7922,131.4939,129.72644,130.51826,130.3546,127.993614,125.8624,121.962944,119.36286,117.42475,117.06574,117.42053
15,157.77014669104793,157.79292,158.32918,160.28258,169.44531,175.39711,177.57004,178.69095,178.43906,177.79037,176.84215,176.03229,175.4315,175.72292,175.32518,172.96866,174.02444,173.80615,170.65817,167.81659,162.61726,159.15051,156.5664,156.08768,156.56073
16,216.6383015078445,215.59286,215.82083,221.69566,242.73532,265.3764,274.99066,278.53586,278.419,274.68848,274.76602,272.597,273.34323,270.19202,274.96942,291.5679,305.13184,316.49615,311.34198,300.0713,279.18585,256.1817,230.13358,219.13652,215.56432
17,318.722512468803,318.75778,319.85193,324.03964,342.28033,354.33194,359.03137,360.98615,360.4771,359.1668,357.25116,355.6151,354.40152,354.9901,354.1866,349.39493,351.55896,351.16138,344.75845,339.01797,328.51456,321.51114,316.29065,315.3237,316.27927
18,689.6150137696811,677.1536,668.045,698.08875,822.5636,1118.0096,1393.7081,1468.1393,1487.1151,1489.3037,1413.8789,1443.2753,1436.9949,1398.7593,1279.2616,1163.3861,1166.7089,1286.5004,1279.7605,1214.9739,1021.0664,902.83887,753.8993,719.97314,681.6772
20,253.6545858585856,253.68266,254.58488,257.90277,272.94135,281.99426,285.4878,287.28992,286.88498,285.8236,284.3081,283.01547,282.0497,282.49252,281.87866,278.0652,279.78732,279.43643,274.37524,269.80673,261.44757,255.87395,251.71913,250.94963,251.71017
23,892.5371798070067,876.7596,864.9414,886.6511,1029.9769,1462.2595,1845.519,1921.9514,1965.2908,1966.7363,1873.9686,1910.1932,1903.7445,1848.3544,1697.5273,1525.6892,1528.6458,1705.0314,1696.2977,1582.205,1345.0452,1175.5648,983.55615,936.27704,884.78436
24,126.32036045874032,126.33856,126.783646,128.40567,135.66821,140.43356,142.1671,143.09439,142.86911,142.34978,141.58583,140.94212,140.46114,140.69449,140.38026,138.47217,139.33453,139.17545,136.6393,134.36414,130.20128,127.425575,125.35655,124.97329,125.35205
25,181.3043437110479,180.50865,180.80582,184.50949,201.91103,219.76253,226.9821,229.01682,229.05838,226.10474,225.66147,224.49657,224.5293,222.86014,225.73431,236.86879,247.15192,254.55779,252.33386,242.40048,227.6527,209.01363,191.21019,182.39554,180.29909
26,145.17386318261634,141.87431,141.27133,144.05888,172.46368,236.17255,298.41052,319.54797,321.15277,324.694,309.2764,313.53366,311.39795,304.60837,278.5616,245.96495,246.4775,272.48306,271.9175,252.89304,210.42415,188.29964,159.39369,149.31561,143.06862
27,693.500928973007,683.75305,681.8803,710.82654,794.4218,974.59924,1140.1412,1188.9485,1205.4988,1194.5757,1158.8485,1175.0155,1182.9279,1149.5233,1075.7076,1004.6822,1015.47534,1079.1716,1079.95,1018.74194,908.9387,818.6887,729.37964,701.8799,687.42914
29,197.21269787911373,197.24115,197.91153,200.51564,211.78935,219.24641,222.07652,223.40056,223.04878,222.23802,221.04526,220.18987,219.28943,219.65369,219.15646,216.18419,217.5306,217.28214,213.3227,209.77072,203.27162,198.93817,195.70795,195.10963,195.70094
30,1167.965963556502,1144.3907,1135.9496,1152.9666,1420.5773,1958.9906,2494.7578,2624.9368,2678.833,2673.8132,2561.0427,2599.9375,2618.2483,2513.9817,2246.9846,1929.1865,1854.4747,2136.7656,2128.0776,1980.2552,1621.0049,1439.266,1247.7632,1207.5721,1161.4209
31,327.4568352660337,327.49307,328.61707,332.94113,351.62488,364.0422,368.5521,370.8786,370.35562,369.00952,367.02902,365.36047,364.1136,364.71835,363.89282,358.95758,361.1932,360.74005,354.20627,348.3085,337.51718,330.3219,324.95828,323.96484,324.94662
32,143.3075043949389,143.32814,143.81534,145.70758,153.91241,159.17697,161.29236,162.33725,162.29012,161.49252,160.6258,159.89554,159.34991,159.61456,159.25328,157.11275,158.07184,157.89299,155.0141,152.43304,147.71028,144.56133,142.21405,141.77928,142.20897
33,1104.9548406930228,1077.9779,1070.2666,1083.0305,1349.5947,1927.0869,2473.5913,2582.166,2649.8418,2633.6238,2522.3354,2565.531,2576.757,2478.2622,2223.365,1877.5706,1805.5939,2093.6501,2087.894,1932.8892,1547.3448,1391.3391,1184.427,1140.6831,1092.3165
34,180.03373481498213,177.9432,177.4235,184.39076,211.50642,245.40758,261.36697,269.03128,268.35922,262.95816,266.15082,259.9132,262.24213,252.3193,263.7311,298.5142,335.66635,352.5777,347.27686,326.6985,291.89636,249.22284,207.48758,185.98112,179.48395
35,246.78249653329388,241.03401,238.11877,246.46088,300.49033,448.85645,600.2563,634.9577,643.48315,649.2371,615.5691,623.9164,629.296,604.2776,544.676,488.88123,503.93967,571.48456,570.3186,511.5625,425.95715,361.1555,284.58017,263.02493,246.37956
3,185.6139215217748,186.21477,188.24573,198.97623,206.10255,208.88275,210.06004,209.91342,208.94838,208.13922,207.02441,206.3052,206.72586,206.18558,203.45844,204.64687,204.5267,200.65887,197.02235,191.06714,187.10965,184.02887,183.46535,184.11185,184.12277
4,186.5058059023048,186.62575,189.8046,220.03206,306.78912,377.32306,397.149,402.37994,403.58472,389.05798,393.56726,393.98535,382.80984,350.1095,316.18216,320.59918,353.68695,349.70847,329.28125,282.572,249.41519,207.07854,195.38017,189.63515,187.27238
5,154.65948012828574,155.16016,156.85239,165.79335,171.70169,174.0478,175.02876,174.8778,174.10254,173.42834,172.49937,171.90012,172.25058,171.80046,169.52803,170.51837,170.4182,167.19542,164.16545,159.20328,155.90578,153.33878,152.8692,153.4079,153.42879
6,64.85570181849084,65.06565,65.7753,69.61469,72.01469,72.986084,73.44326,73.34624,73.00902,72.72632,72.3368,72.14396,72.23245,72.04369,71.0908,71.50606,71.46404,70.11414,68.841965,66.76109,65.37833,64.301865,64.10494,64.33025,64.33961
7,239.0009018788972,237.7386,240.7842,282.54633,381.16486,471.16394,491.83545,495.2094,505.12457,480.8574,491.58258,487.80844,477.5705,434.327,394.82428,394.59473,431.73215,427.50302,402.89606,340.1083,308.5052,260.64346,249.6778,239.24278,238.94823
9,95.46469936723597,95.773735,96.818275,102.469765,106.00239,107.432304,108.042755,107.9446,107.46606,107.04988,106.47654,106.106606,106.322975,106.045105,104.64246,105.2537,105.1919,103.19581,101.332306,98.26939,96.23399,94.649475,94.35963,94.69216,94.70506
10,99.33067130106484,99.29753,100.44223,126.297844,188.54355,243.21683,261.33405,273.28522,268.3027,257.2578,260.29288,258.2777,250.28082,226.95235,203.07117,208.78416,238.65187,236.16646,216.03873,179.61374,149.55891,117.39476,108.271996,101.56031,99.73439
11,359.19040900073327,356.50146,359.9665,425.30237,613.10364,760.30853,797.71277,805.12744,819.1681,786.19684,796.8418,793.6929,770.99274,694.2982,623.0532,626.5331,693.8903,690.9566,639.1586,532.757,479.0465,401.13004,378.4653,359.91986,359.0015
12,172.76750336407022,172.08119,173.35007,203.77328,270.28366,326.61954,343.9239,352.42258,352.17136,337.37885,343.8174,342.21518,333.75336,306.74252,277.82907,265.38968,300.5098,298.7623,278.21698,238.02867,217.15349,186.07654,178.04068,173.02975,172.8297
13,286.8391366899154,287.76767,290.90625,307.47614,318.84323,322.62695,324.617,324.3905,323.45367,321.6487,319.9259,318.8145,319.46454,318.62958,314.41528,316.25177,316.06613,310.08878,304.4694,295.26633,289.15054,284.38968,283.51877,284.51788,284.5348
14,118.42012560323248,118.80964,120.109436,127.10964,131.49165,133.27687,134.01656,133.90096,133.30731,132.79117,132.07985,131.621,131.88934,131.54466,129.80481,130.56297,130.48625,128.01022,125.698654,121.89924,119.37438,117.40887,117.049324,117.461815,117.46877
15,157.8935201731827,158.40465,160.13226,169.4795,175.51047,177.6873,178.68875,178.53459,177.74312,177.05482,176.11243,175.49474,175.8525,175.39291,173.07306,174.08403,173.98175,170.68034,167.59824,162.53236,159.16583,156.54515,156.06584,156.61577,156.62506
16,215.5003352635668,215.78194,222.09659,241.70398,266.24966,274.9137,278.61157,278.34604,274.7667,274.6555,272.7436,273.61096,269.96133,275.14484,291.33002,305.71075,316.79102,311.58948,300.364,278.93445,255.67557,230.84543,219.00584,215.45847,214.98665
17,318.9717478724756,320.021,323.49442,341.93445,354.1808,358.95856,361.07166,360.67032,359.0713,357.6808,355.7771,354.52917,355.25195,354.32346,349.6369,351.6482,351.47278,344.82593,338.5769,328.34293,321.54208,316.24786,315.27942,316.3905,316.4092
18,678.4633383500797,677.5406,687.57996,828.91296,1112.466,1391.354,1452.8955,1487.2609,1486.1276,1415.5125,1445.4954,1441.8195,1401.3245,1278.2567,1166.8854,1171.9807,1286.0311,1279.1776,1199.9323,1025.8246,895.7693,752.47144,721.6874,684.18634,679.6722
20,253.85293928712176,254.68791,257.4687,272.11673,282.09833,285.67627,287.28638,287.03857,285.76614,284.6756,283.1348,282.15112,282.72653,281.92365,278.2578,279.85846,279.7187,274.41095,269.4556,261.311,255.8985,251.68517,250.91437,251.79868,251.8136
23,877.3556266755429,875.9561,897.65594,1061.3462,1451.1028,1839.5331,1917.3424,1967.9915,1963.7396,1873.8905,1917.3438,1909.3318,1855.1068,1691.499,1535.3545,1531.3687,1705.5515,1693.6825,1580.2214,1345.329,1178.1183,985.74915,933.6358,886.1174,881.5619
24,126.419140760725,126.828354,128.2198,135.59892,140.52435,142.26723,143.06761,142.9692,142.31195,141.76082,141.00159,140.5117,140.79817,140.43025,138.57707,139.37614,139.30035,136.66902,134.18935,130.13326,127.4378,125.33959,124.95575,125.3961,125.40355
25,180.5043864706827,180.85722,184.65643,202.29758,219.54544,227.0666,229.08224,229.08109,226.03174,225.78333,224.70557,224.73099,222.77367,225.65741,237.13419,247.25214,254.26015,251.09279,242.60803,227.67195,208.55753,191.46179,182.36028,180.35692,179.7845
26,142.77861865981978,141.43138,141.18652,171.61693,233.19373,299.00504,316.5286,324.09058,322.80948,308.85553,315.0084,312.94858,305.36487,278.42664,246.74304,245.7807,275.33582,271.1438,252.27965,207.001,187.43008,158.50726,149.19037,143.06354,142.51314
27,686.97286126959,687.3023,713.8789,797.2295,982.9964,1138.9889,1188.4033,1203.2733,1192.4812,1164.3805,1179.03,1182.7678,1151.7184,1075.9047,1004.7759,1014.5223,1082.1345,1076.8196,1021.11395,911.75775,818.29517,731.29,703.93427,688.46564,686.82996
29,197.36691474313287,198.0058,200.16542,211.56679,219.15288,222.10912,223.50037,223.20511,222.17892,221.31857,220.13316,219.5464,219.81564,219.24118,216.34132,217.59544,217.47723,213.36916,209.49777,203.16542,198.95732,195.68147,195.08223,195.76973,195.78136
30,1149.5885075365395,1144.3932,1144.843,1371.9197,1959.0852,2499.0781,2621.5125,2666.0225,2679.4043,2555.181,2610.516,2631.4475,2516.1997,2258.5796,1928.7865,1844.3539,2143.7085,2114.7593,1980.9866,1614.3242,1444.3567,1249.3533,1206.1873,1162.0126,1158.5526
31,327.7129007566408,328.7907,332.3595,351.2908,363.82416,368.79553,370.87402,370.5541,368.91138,367.48282,365.51453,364.24472,364.98727,364.03342,359.21844,361.30084,361.10458,354.25235,347.85526,337.34097,330.35364,324.9145,323.91934,325.06088,325.08014
32,143.4195683449577,143.88383,145.45312,153.73807,159.42162,161.31348,162.3085,162.19525,161.72684,160.82436,159.96295,159.40726,159.73227,159.31479,157.20764,158.12589,158.03307,155.04439,152.2347,147.63316,144.57527,142.19484,141.75938,142.25894,142.2674
33,1085.9654728970422,1080.2294,1080.5907,1347.499,1920.3586,2497.947,2581.227,2627.2402,2641.584,2514.9226,2582.6797,2582.9648,2469.2202,2224.803,1852.673,1820.0476,2072.026,2090.3362,1934.6288,1554.4249,1380.9272,1189.0853,1140.7716,1092.4648,1090.3597
34,177.7053123692325,177.72101,184.69896,212.14293,245.83061,261.41458,269.08643,268.6312,263.21735,262.9701,259.99783,261.58115,251.92812,264.4138,298.51654,335.86655,353.4042,347.4548,327.37537,291.90152,245.39606,208.26491,186.2141,179.7144,178.48465
35,240.67478761579383,242.51517,247.78218,306.44604,455.16742,596.6163,643.10693,645.3866,640.298,613.68195,630.8325,630.6515,606.5718,548.955,489.59888,500.40533,574.004,570.9054,514.51056,428.4039,363.36368,285.74835,263.01184,245.20103,240.94896
3,186.1733361076789,188.08635,197.93309,206.3306,208.77905,210.07857,209.84102,208.95927,208.22458,207.23332,206.3592,206.54756,206.08604,203.66833,204.67766,204.69633,200.65395,197.29446,190.9181,187.20685,184.01819,183.53763,184.14706,184.09207,184.54744
4,187.1905398319978,190.07608,224.20201,301.8415,378.62964,395.901,404.5166,403.91983,387.60428,396.97372,392.70312,384.26907,352.4792,319.0021,320.3924,353.94772,350.47412,331.43573,282.9268,249.3975,207.21501,196.14058,188.66293,187.50598,187.65659
5,155.12560232603252,156.7196,164.92422,171.92123,173.93184,175.04419,174.84628,174.10199,173.4995,172.67354,171.94514,172.10204,171.71745,169.70299,170.54396,170.55957,167.19133,164.39207,159.07915,155.98674,153.32983,152.92944,153.4372,153.3914,153.78307
6,65.05116789818389,65.7196,69.16014,72.137596,72.94987,73.40393,73.409,73.012856,72.75612,72.40979,72.10437,72.22463,72.00889,71.164116,71.51681,71.523346,70.11086,68.94606,66.70906,65.41227,64.29811,64.130226,64.34314,64.32334,64.48817
7,239.9633439169665,240.36581,280.33646,373.3047,472.75574,492.33582,497.01572,503.72345,482.2585,490.98718,490.38528,476.80127,435.30176,396.68167,395.42545,431.89133,430.42648,401.78812,340.79715,307.2692,261.48834,249.08963,240.05324,238.8901,239.02336
9,95.75241671530526,96.73633,101.80069,106.18333,107.378944,108.047325,107.91018,107.46572,107.09381,106.58399,106.13441,106.231255,105.99391,104.750404,105.26954,105.27915,103.20008,101.47771,98.19277,96.283966,94.643974,94.39682,94.710236,94.681984,94.92371
10,99.69015177906483,102.41769,125.73332,186.09666,244.01746,261.25717,266.66104,267.0451,254.51152,261.1489,260.9187,251.65427,226.01169,204.29898,208.62305,239.39178,238.1614,216.2993,179.4001,150.17645,117.32022,108.54482,101.59093,99.430145,99.88914
11,360.68733609443296,364.26477,430.46866,581.4976,755.1079,799.107,809.80334,820.0159,786.60925,798.58344,794.4838,772.47253,699.3142,628.29004,625.1589,692.86694,690.25476,643.3936,536.7361,477.98557,401.29675,378.70584,359.52145,358.74713,360.53662
12,173.48560138205815,176.46353,204.3979,262.3499,329.04852,344.18634,351.865,351.87848,338.65347,343.85187,342.66748,332.5597,307.59546,277.56024,264.67737,300.57214,299.74774,278.16074,237.60992,217.21367,186.56776,178.32336,173.04614,172.32584,172.86327
13,287.703630018632,290.65997,305.8767,318.76764,322.932,324.57147,324.27853,322.91602,321.8769,320.24878,318.89792,319.189,318.47574,314.7395,316.29938,316.32816,310.0813,304.8896,295.036,289.30084,284.37314,283.6305,284.57217,284.48734,285.191
14,118.7770274184839,120.00728,126.24417,131.71614,133.1992,134.07663,133.87683,133.3069,132.84552,132.21318,131.6555,131.7756,131.48111,129.93866,130.58267,130.59453,128.01549,125.87904,121.80417,119.43639,117.402054,117.09545,117.48424,117.449196,117.739716
15,158.36938931855966,159.9967,168.37283,175.62155,177.76118,178.70451,178.50246,177.74255,177.12743,176.28423,175.54652,175.70087,175.30823,173.2516,174.1102,174.12611,170.68736,167.83873,162.40562,159.24858,156.5361,156.12727,156.64574,156.59894,156.98633
16,215.81673977313807,222.64748,242.44707,265.61105,274.67108,278.38608,278.3637,274.50244,274.7304,272.71225,273.57364,270.10443,274.40024,291.70013,305.4552,315.55286,310.96423,300.8133,278.10733,255.69016,230.37502,219.18245,215.62247,214.92401,215.1644
17,319.93308442949825,323.24698,340.14188,354.57275,358.78018,361.01355,360.9891,359.07022,357.82742,356.12405,354.6339,354.9456,354.1524,349.99765,351.73218,351.75342,344.81757,339.04434,328.08682,321.7091,316.2295,315.40366,316.4509,316.3565,317.13898
18,680.9909114634024,687.58826,868.90845,1101.0011,1392.471,1449.7087,1486.261,1486.2461,1423.7365,1447.0388,1444.6802,1399.4844,1283.3616,1164.3174,1172.7179,1289.3427,1281.0643,1198.599,1024.0251,904.93567,753.7977,721.5706,682.29504,682.2132,680.8988
20,254.61801679718988,257.25525,270.7173,282.10962,285.71695,287.31165,286.98682,285.7652,284.7762,283.40536,282.22507,282.48257,281.8514,278.51175,279.92535,279.94217,274.42227,269.84244,261.10724,256.0315,251.6706,251.01337,251.84666,251.77162,252.39445
23,880.649365125611,887.4738,1079.9957,1448.8528,1828.1011,1921.7888,1961.9255,1971.116,1873.1243,1916.782,1912.2272,1858.8314,1681.9305,1527.9287,1545.3805,1715.8811,1693.7716,1587.055,1347.4939,1177.6907,987.01245,933.72516,878.7526,879.3701,885.1091
24,126.80015049695176,128.10313,134.8177,140.44904,142.32646,143.08167,142.89201,142.31934,141.81897,141.14388,140.54848,140.67677,140.3624,138.7158,139.40747,139.39893,136.66269,134.39217,130.03181,127.5041,125.33228,125.00501,125.42006,125.38264,125.69279
25,180.80847315605965,184.58304,202.88593,219.58456,227.12138,229.05931,228.8693,226.14388,225.48666,224.78838,224.71436,222.82718,225.6963,237.88503,247.42621,254.6079,251.14395,242.45187,227.71252,208.54884,191.3839,182.48578,180.35345,179.78326,180.0025
26,143.38971492903278,145.08817,174.01682,235.73346,299.18555,316.89615,321.00043,325.3875,308.20285,315.50027,313.55127,305.20905,279.09586,244.36012,245.18105,274.95605,274.53046,251.72649,210.65184,187.02039,158.91219,148.74475,143.72314,142.60492,143.0952
27,689.3217499771241,711.243,801.4025,972.56836,1142.6694,1190.4092,1206.1729,1189.2472,1157.709,1180.0182,1183.877,1150.2214,1077.738,1006.0821,1012.2259,1084.5801,1086.7023,1016.82336,910.609,818.59656,731.134,704.0881,688.7618,686.3535,686.82996
29,197.96175121863547,199.99588,210.46611,219.33618,221.99884,223.38066,223.39613,222.19055,221.40929,220.35532,219.42584,219.79189,219.13527,216.56447,217.63776,217.63106,213.35925,209.8145,203.00699,199.06071,195.67015,195.15915,195.80711,195.7487,196.2329
30,1155.6445106252563,1163.4587,1388.9136,1959.3438,2461.14,2621.6277,2664.2825,2667.6624,2570.9673,2619.8306,2623.5247,2526.3813,2260.4348,1951.1382,1833.958,2153.6926,2119.0793,1979.3271,1605.152,1450.0935,1252.1759,1207.5824,1159.4435,1162.0126,1158.2081
31,328.7005819346969,332.10526,349.46307,364.19116,368.5496,370.9068,370.4874,368.91016,367.63342,365.88348,364.3401,364.67258,363.85757,359.58902,361.3711,361.35995,354.26703,348.3545,337.07782,330.52536,324.89545,324.04718,325.12292,325.02597,325.82996
32,143.851815009316,145.32999,152.93835,159.38382,161.466,162.28574,162.13927,161.45801,160.93845,160.12439,159.44896,159.5945,159.23787,157.36975,158.14969,158.16408,155.04065,152.4448,147.518,144.65042,142.18657,141.81525,142.28609,142.24367,142.5955
33,1091.8242560325446,1107.9929,1341.0763,1905.9454,2438.4287,2586.9111,2635.9382,2662.0667,2519.4617,2582.6213,2583.6184,2482.675,2200.6284,1862.5148,1814.6293,2093.6313,2077.7644,1932.4355,1545.242,1393.1289,1189.9915,1145.8558,1093.9447,1091.0436,1092.3165
34,177.6118044084839,184.4953,212.99388,245.77444,261.95947,269.42258,268.8913,263.6898,263.8779,260.22083,261.36826,252.0377,264.5746,297.83984,334.76443,352.571,346.8735,327.40686,292.41614,250.63014,207.83232,186.57599,179.75508,178.08801,178.28175
35,241.5802225357938,246.63171,308.90686,454.0105,590.1694,633.3527,643.8664,641.9373,612.8914,632.5126,633.153,607.00476,547.6635,489.7381,504.91614,572.5677,571.4879,514.7416,426.84866,361.67783,283.03766,263.62527,245.66147,242.51808,245.3368
3,188.4109944512957,198.9763,206.30159,208.4653,209.6891,209.908,208.52357,207.88766,207.0064,205.45683,205.69206,205.06107,203.38318,204.58038,204.65248,200.63786,197.0419,191.06831,187.14291,184.00737,183.56273,184.13132,184.10783,184.54564,186.60782
4,193.53808752577007,218.26344,307.68246,379.9935,396.61737,404.76663,403.30875,387.06094,395.23636,395.89157,383.41556,350.16934,317.89008,322.9898,355.44473,350.6195,330.49615,285.49496,249.84758,206.85747,196.11917,188.44348,187.71129,187.77472,199.70148
5,156.99009111701946,165.79352,171.89714,173.7,174.74211,174.90207,173.74852,173.1673,172.4845,171.19328,171.38928,170.86342,169.46536,170.4629,170.523,167.17789,164.18164,159.20425,155.93352,153.32085,152.95036,153.42412,153.40451,153.76935,155.49554
6,65.83303221695613,69.52467,72.08424,72.78802,73.26783,73.34434,72.87075,72.63843,72.33047,71.78908,71.871254,71.4873,71.064476,71.4828,71.50801,70.10525,68.848785,66.76406,65.38995,64.29435,64.139,64.33768,64.32943,64.48183,65.20628
7,247.4721942642437,277.45398,368.13223,467.33423,491.76154,497.15158,506.19055,481.86496,490.68936,492.37845,477.91772,433.15402,394.95413,393.35782,429.98233,431.69083,403.39893,343.76767,308.72495,261.4623,249.12877,239.60709,239.22424,239.07817,256.0368
9,96.90328610758247,102.33723,106.10475,107.14073,107.84703,107.9596,107.229034,106.888794,106.46727,105.67028,105.79129,105.466736,104.603775,105.21948,105.256584,103.19179,101.34233,98.26318,96.2511,94.63841,94.40971,94.70218,94.69006,94.915276,95.98076
10,104.29342347756484,124.30739,184.4412,244.44366,261.34192,265.9312,266.90277,254.63882,262.18527,261.37726,251.16432,225.67992,203.49342,208.06305,239.43681,238.22295,216.58585,180.08363,149.68213,117.82749,108.32635,101.31394,99.714966,99.89544,108.5991
11,373.1380766242322,432.55753,576.59314,750.6604,795.4526,810.47186,823.32733,790.7823,796.40027,796.7194,772.6501,700.4915,619.41815,627.26996,693.6678,687.60547,644.48846,542.6016,477.22018,400.45,380.8258,359.3768,359.04263,360.49683,384.77325
12,178.50387530400985,202.53374,263.87628,327.06314,344.99634,351.1821,352.0531,338.1445,342.93,344.30377,334.3024,308.15793,274.58694,263.73712,300.24185,299.7078,278.70538,239.95561,216.97989,186.4332,177.75195,173.30728,173.04614,172.74582,183.08337
13,291.1616033334984,307.48874,318.80896,321.78928,324.4246,324.11423,322.24258,321.25998,319.7757,317.50348,317.86694,316.89185,314.2989,316.14893,316.26053,310.05634,304.49945,295.26816,289.2019,284.3564,283.66925,284.54794,284.51157,285.18826,288.37506
14,120.20463467948952,126.92065,131.6589,132.90375,133.77983,133.82324,133.03627,132.59126,132.06836,131.07977,131.22986,130.82722,129.7567,130.52054,130.5666,128.00525,125.711136,121.891525,119.39558,117.39515,117.11147,117.47423,117.459206,117.73857,119.05423
15,160.27286590006753,169.2603,175.49158,177.20499,178.58286,178.55945,177.38171,176.78836,176.09117,174.77306,174.97589,174.43639,173.00903,174.02744,174.08878,170.6737,167.61479,162.52208,159.19418,156.5269,156.14867,156.6323,156.61237,156.98479,158.73897
16,220.39125476892343,242.26306,265.38647,274.9833,278.45264,278.198,274.57202,274.55643,272.67322,273.65338,270.19827,274.4433,291.98132,305.34656,316.2164,312.1988,300.5549,279.33582,255.8705,230.56364,219.22389,215.62393,214.91003,214.98575,220.03976
17,323.7784306575888,341.8685,354.52286,358.24115,360.3441,360.72046,358.68878,357.14252,355.73404,353.07126,353.48117,352.39105,349.50766,351.56497,351.68893,344.81094,338.61044,328.34494,321.5992,316.2109,315.44684,316.42395,316.3835,317.136,320.67963
18,703.9998454741939,803.9694,1084.7006,1393.0923,1450.9025,1486.4552,1482.5066,1420.0748,1450.2802,1445.4321,1392.8041,1276.449,1168.1786,1171.547,1292.7004,1283.8698,1206.8168,1026.3131,901.81824,755.71783,722.7986,684.104,680.0405,683.1148,731.1431
20,257.67832683746246,272.0752,282.14117,284.78387,287.12503,287.07843,285.18497,284.231,283.11023,280.97577,281.31265,280.44952,278.1549,279.7591,279.89093,274.41708,269.48236,261.29446,255.944,251.65575,251.0477,251.82532,251.79301,252.39197,255.21225
23,911.3490119458836,1023.53827,1453.7163,1838.2812,1917.2761,1969.1956,1965.1412,1876.8293,1918.7562,1912.4684,1854.5647,1694.1936,1525.2255,1540.4513,1715.1351,1700.9402,1599.1938,1361.6681,1181.0461,987.8741,933.664,884.885,877.5762,881.4842,946.8241
24,128.32418944185875,135.5201,140.50676,142.2324,142.9843,142.9655,142.03403,141.58946,140.98932,139.9339,140.0941,139.66432,138.52151,139.33698,139.39034,136.63472,134.2026,130.13898,127.46046,125.32496,125.02208,125.40938,125.39334,125.69157,127.09603
25,184.40830153006755,202.06764,219.56332,227.23091,229.26152,229.00774,225.9424,225.68211,224.74388,224.76982,222.79768,225.44028,237.32266,246.97166,254.30688,250.87279,242.49261,227.9221,208.60112,191.32523,182.52664,180.30568,179.8258,179.99283,183.19612
26,148.23167931788495,166.98561,225.73167,297.9294,316.28943,321.74026,324.2321,310.49124,315.785,314.6634,305.22864,278.72638,244.64214,244.04863,276.8966,273.24002,252.27113,210.20883,188.02002,159.37411,148.89856,143.55562,142.74875,143.09532,153.2514
27,706.5976958782613,785.3681,973.7375,1135.7251,1185.5742,1205.3177,1191.3088,1159.538,1177.7108,1187.3687,1150.7185,1080.492,1000.82513,1013.8089,1084.0177,1081.9111,1027.8014,907.52924,817.8261,731.91394,703.60516,688.2171,686.9121,686.3535,716.0831
29,200.3410971206456,211.57536,219.36456,221.41528,222.96652,223.19928,221.75804,221.05106,220.11398,218.46631,218.71646,217.54803,216.26128,217.53429,217.61098,213.31563,209.51848,203.17432,198.99274,195.65865,195.18582,195.79042,195.7654,196.23097,198.4237
30,1192.2874262601229,1407.4518,1888.6885,2440.699,2604.5823,2675.6357,2667.3582,2566.4885,2616.0852,2640.6504,2524.106,2269.0762,1970.2236,1860.4999,2151.5474,2126.4534,1972.0497,1612.993,1442.6975,1239.5604,1200.8948,1156.3328,1159.4435,1162.0126,1244.7102
31,332.6513066469211,351.237,364.23828,367.64343,370.26657,370.60562,368.1612,366.9296,365.48267,362.74698,363.16217,362.048,359.0855,361.1993,361.3266,354.1945,347.8898,337.31955,330.41235,324.87646,324.09134,325.09537,325.05365,325.82678,329.4676
32,145.5808016667492,153.74437,159.40448,160.89464,162.2123,162.05711,161.12129,160.62999,159.88785,158.75174,158.93347,158.44592,157.14944,158.07446,158.13026,155.02817,152.24973,147.63408,144.60095,142.1782,141.83463,142.27397,142.25578,142.59413,144.18753
33,1128.3644856545548,1344.151,1870.645,2443.4426,2575.2117,2634.3184,2638.8289,2526.338,2577.2349,2600.687,2488.1187,2215.0845,1855.9628,1814.2468,2110.2273,2080.9717,1935.4149,1557.5753,1392.5547,1192.0789,1143.4518,1096.4067,1089.0181,1093.1683,1166.858
34,183.48720820748952,212.57324,245.63504,261.85272,269.43106,268.8407,263.59036,264.1485,260.18146,261.5895,252.21075,266.29532,297.9431,334.9281,353.6925,347.1101,327.27615,291.74664,248.4081,207.5452,186.14656,179.9424,178.26466,177.97379,183.46407
35,252.56772876329384,314.11896,442.53104,585.11993,633.5377,641.7216,640.5613,614.65814,629.2031,632.9321,605.493,549.5866,487.4382,503.01093,579.18036,570.8579,515.2918,429.36313,361.64944,283.78693,263.2069,244.78456,242.38089,245.22714,267.27103
3,198.7498047611545,207.11728,209.19044,209.7066,209.63922,208.83446,207.88849,206.96297,206.25044,206.66602,206.13272,203.44537,204.47621,204.34256,200.99486,197.52312,190.74619,187.09232,183.98773,183.55205,184.11482,184.13216,184.53181,186.61325,196.40094
4,225.85604924287503,300.5154,376.0307,396.15274,404.7676,404.85245,387.60294,396.25797,395.66336,382.7185,351.19354,318.67844,319.92944,352.13965,351.3467,330.25507,283.99738,249.23788,208.38885,195.64522,188.63226,187.80588,187.83153,200.71202,234.89182
5,165.60471988278334,172.5768,174.30417,174.73428,174.7199,174.00757,173.21933,172.43219,171.85454,172.20082,171.75644,169.51721,170.37611,170.26474,167.47533,164.58263,158.93584,155.89133,153.3045,152.94145,153.41039,153.4248,153.75784,155.49216,163.64809
6,69.44553494906117,72.36924,73.09363,73.331215,73.25041,72.969215,72.58569,72.31531,72.066345,72.21156,72.02522,71.06143,71.44638,71.399704,70.22998,69.01691,66.648964,65.36413,64.28751,64.13525,64.33189,64.33795,64.477585,65.204254,68.625015
7,286.0002621574875,368.232,471.11423,493.56253,497.79202,502.12155,481.7393,490.0607,488.89142,475.50546,433.84586,392.93784,390.90082,430.8339,428.4955,404.23105,342.0372,308.86313,260.81958,248.86618,239.75711,239.30602,239.24205,255.89706,295.37424
9,102.22072894782636,106.52428,107.59054,107.94026,107.82139,107.40747,106.892685,106.435036,106.07846,106.292206,106.01793,104.63577,105.16594,105.097176,103.375374,101.589836,98.1043,96.21477,94.62832,94.40423,94.69367,94.70259,94.90815,95.978676,101.01301
10,127.8717562656648,187.00923,245.53035,262.6877,267.84555,266.23386,251.80518,261.71762,261.8189,250.5026,227.07957,203.7092,209.14558,239.13472,237.60208,216.06233,179.7828,150.9691,117.739624,108.285545,101.58311,99.4378,99.72248,108.52131,136.08894
11,437.4759223799803,574.8996,754.96295,799.4682,808.7324,819.88025,790.06976,799.941,797.85333,769.17487,698.2376,621.01074,624.55493,691.8707,687.6247,644.24274,543.0818,476.7532,401.01987,379.29205,360.0717,358.89563,360.42792,383.899,460.75427
12,204.3873273316385,255.90182,328.5033,345.94797,351.56235,350.9346,337.68384,343.33807,341.80432,331.9686,307.15924,274.88675,261.66064,299.53024,300.06552,277.80276,238.85892,216.18855,185.75586,177.7884,173.20177,172.86636,172.92651,182.89091,216.23264
13,307.13872077903875,320.06952,323.27325,324.06567,324.33298,322.5392,321.26117,319.831,318.97336,319.37204,318.5479,314.39514,315.98798,315.78137,310.60815,305.24307,294.77026,289.12378,284.32614,283.65277,284.5225,284.54922,285.16684,288.38342,303.50888
14,126.80070896876556,132.12505,133.29012,133.89555,133.74805,133.26338,132.6311,132.02838,131.58606,131.85123,131.51102,129.79643,130.45403,130.3688,128.23302,126.01811,121.69449,119.35059,117.382614,117.10465,117.46372,117.47475,117.72972,119.05768,125.302155
15,169.0676326979604,176.18549,177.949,178.5274,178.5324,177.6462,176.84148,176.03787,175.44812,175.80164,175.34666,173.06197,173.93883,173.82513,170.97736,168.02422,162.2593,159.13417,156.5102,156.13957,156.61835,156.633,156.97304,158.74359,167.06955
16,241.1811376598345,265.7842,275.15707,278.52054,278.12717,274.52203,274.68243,272.5028,273.4056,270.1153,275.75165,291.90686,304.5583,315.67072,312.2245,300.43826,278.0644,255.79678,230.72078,219.30771,215.62566,214.93533,215.04228,219.66507,238.97305
17,341.545354433674,355.88663,359.4873,360.3742,360.25845,358.8756,357.04565,355.6264,354.43488,355.14917,354.23022,349.6146,351.38602,351.15625,345.40335,339.4264,327.79132,321.51233,316.17712,315.42844,316.39557,316.42535,317.11212,320.68903,337.50885
18,821.5095159470309,1095.0884,1398.711,1460.5758,1487.5208,1485.3882,1420.0336,1452.591,1445.6704,1400.6117,1282.0934,1159.0549,1165.7107,1282.2529,1284.4697,1208.101,1024.6498,906.709,758.2731,723.4595,683.578,682.3296,681.4031,731.7111,862.75653
20,271.818092671685,283.23157,286.06012,286.79843,286.91733,285.6103,284.3164,283.0245,282.0763,282.62228,281.91534,278.23996,279.6497,279.43445,274.88855,270.1318,260.87195,255.84758,251.62888,251.03304,251.80276,251.82642,252.37292,255.21968,268.60562
23,1068.3987136681062,1403.269,1832.1836,1930.3899,1969.0854,1967.2039,1877.1783,1924.8911,1912.0481,1843.5707,1707.5547,1529.3414,1540.3671,1706.407,1706.6116,1582.6348,1353.9504,1179.3976,986.8444,934.1318,883.567,879.03345,880.12726,936.23096,1103.5116
24,135.36581382619752,141.06477,142.45837,142.85112,142.9439,142.23438,141.54477,140.95967,140.47443,140.75742,140.39426,138.56389,139.26595,139.17497,136.89919,134.52425,129.91461,127.41013,125.31153,125.01485,125.398125,125.409935,125.68213,127.099785,133.76608
25,200.7915584984604,219.97281,226.81873,229.19438,229.00386,226.09587,225.38362,224.91025,224.6893,223.07555,225.55862,236.54459,247.33301,254.37836,250.77968,242.4442,227.88657,208.63124,191.44243,182.65143,180.45187,179.7371,179.9496,183.29712,199.19174
26,173.32409588332592,226.1387,297.74527,318.15674,320.09656,324.69928,308.70035,315.60468,314.6718,303.20142,278.37592,243.01433,244.04553,276.2019,273.91895,253.09221,210.90385,188.42911,158.40141,149.18639,143.20262,142.5379,143.72928,153.1907,189.40468
27,793.1255306116466,977.4204,1145.6145,1190.3398,1207.502,1190.1678,1160.615,1177.8918,1181.995,1148.9861,1080.4685,997.5114,1010.45325,1083.1245,1082.1604,1026.5574,907.1004,819.1832,730.71967,703.3302,692.6058,687.5671,685.93976,713.97186,813.3619
29,211.3345564271553,220.23189,222.43626,222.98157,222.91351,222.05775,220.89062,220.0678,219.31015,219.75208,219.18501,216.25192,217.4235,217.28137,213.72173,210.02066,202.82408,198.91414,195.63774,195.17451,195.77292,195.79128,196.21626,198.4295,208.83696
30,1387.643703817663,1881.5835,2414.473,2622.42,2670.7678,2664.7175,2560.1538,2615.7114,2632.8218,2517.5315,2263.7092,1952.6549,1827.7179,2145.4082,2123.5671,1979.1869,1611.7174,1435.9247,1234.4512,1208.505,1160.9282,1157.9331,1157.7045,1246.9547,1510.7031
31,350.90511804877235,365.6394,369.33875,370.24405,370.21945,368.7102,367.03995,365.3721,364.14792,364.88184,363.9402,359.19547,361.01526,360.77942,354.86877,348.72354,336.77414,330.28787,324.84174,324.07257,325.06607,325.0968,325.8023,329.47723,346.75806
32,153.56936038951935,160.03476,161.63663,162.03284,162.16649,161.2696,160.63058,159.9155,159.48668,159.68602,159.27396,157.19757,157.99399,157.89069,155.30408,152.62154,147.38513,144.56189,142.16307,141.82639,142.26125,142.27461,142.58342,144.19171,151.75444
33,1323.7222977330644,1819.6761,2417.2622,2599.42,2628.9292,2626.5847,2520.8018,2582.738,2581.7131,2469.2256,2211.1938,1845.8854,1792.4913,2094.6948,2101.3926,1931.5575,1543.4523,1390.1108,1194.1136,1155.5887,1095.684,1086.2169,1094.7285,1162.2072,1410.8616
34,209.9801343515655,246.40224,261.52127,269.52692,268.44247,263.86813,263.54358,260.27087,261.53708,252.55406,265.42014,297.9282,332.5865,352.58917,347.63095,327.1479,291.43527,248.45245,208.10242,186.1424,179.81935,178.33496,177.97502,182.62558,207.77965
35,309.01803658479383,447.4733,600.3216,633.50726,642.8602,639.05206,613.87195,633.7517,631.598,606.53503,547.98285,488.54602,500.76575,573.5526,575.3763,516.56555,426.56226,369.4479,286.19095,263.08768,244.0743,243.8935,244.2481,269.10025,327.29468
3,206.58160896381307,209.09879,209.8758,210.07146,208.93143,207.93042,207.0782,206.20493,206.64774,206.32327,203.23286,204.44041,204.43996,200.55241,197.87228,190.96535,187.18172,183.92598,183.51407,184.17268,184.08731,184.62802,186.46956,196.33467,202.94113
4,307.71104497357794,384.3495,399.32605,404.21265,404.63498,385.2084,396.03677,394.8138,382.4201,350.79892,316.98795,321.36136,353.46222,349.76047,328.66525,283.94937,247.1806,207.87164,195.82127,188.65762,187.82603,187.92107,200.19447,234.75851,319.86917
5,172.13043065123776,174.22781,174.87526,175.03831,174.09782,173.25433,172.54413,171.8007,172.18558,171.91522,169.34013,170.3463,170.3459,167.10666,164.8735,159.11842,155.9658,153.25307,152.90985,153.4586,153.38747,153.83797,155.3725,163.59239,169.1227
6,72.18206006476397,73.06158,73.33311,73.28737,73.00311,72.65335,72.368576,72.05043,72.205154,72.091805,71.01196,71.4592,71.43373,70.07538,69.13894,66.72554,65.403496,64.2593,64.122,64.35213,64.32228,64.5112,65.15467,68.601074,70.92077
7,384.80811095345786,476.70108,498.69016,498.21744,503.2022,479.4109,490.53186,489.29004,474.7637,432.7784,390.52106,393.32352,431.31274,428.96588,404.37427,339.84244,308.74255,261.44412,249.49821,239.30565,239.21771,239.25208,255.63118,297.16177,391.9837
9,106.24877182079666,107.54339,107.94301,107.8757,107.45734,106.94251,106.51643,106.04527,106.28281,106.1159,104.526474,105.147545,105.1473,103.14782,101.7694,98.21703,96.271034,94.58934,94.38469,94.72345,94.67953,94.957634,95.904785,100.97861,104.39223
10,191.5930222167649,239.58563,260.5037,265.32068,265.37726,253.08908,259.6871,260.05338,249.03775,225.55339,202.68753,209.18114,239.4196,238.08327,215.49406,179.08978,150.91267,118.095024,108.57991,101.41499,99.70696,99.28173,108.87486,135.50357,203.8304
11,609.7301352187776,762.81146,795.8472,814.9592,821.26044,782.92346,797.0462,795.31573,770.6709,694.0178,616.7321,620.64044,694.07166,689.2968,643.561,537.7418,479.33932,401.8502,378.97656,359.63892,358.82065,359.57346,383.12936,453.33768,632.4984
12,271.2201466234694,330.61835,345.15103,353.08,350.36346,337.15442,341.8235,343.62064,331.51117,306.35077,273.50293,261.88214,299.69586,299.277,277.999,237.77951,217.31825,185.59708,177.50705,173.07106,172.94911,173.00835,182.40942,216.10962,278.44104
13,319.2416273810712,323.1315,324.33234,324.68076,322.81696,321.64792,320.0089,318.65955,319.3148,318.8424,314.06665,315.93277,315.93198,309.9243,305.7826,295.10895,289.26196,284.23062,283.59415,284.6119,284.47998,285.31546,288.1614,303.4066,313.61575
14,131.79733438228524,133.40463,133.8937,133.81548,133.29651,132.67798,132.11412,131.54486,131.83954,131.63255,129.66092,130.4313,130.43088,127.95073,126.24083,121.8343,119.42039,117.33429,117.08043,117.50063,117.446175,117.791115,118.96602,125.25989,129.47472
15,175.729800733238,177.87106,178.532,178.42064,177.69788,176.8772,176.1522,175.39322,175.78607,175.51009,172.89369,173.90839,173.90797,170.60103,168.32114,162.44576,159.22717,156.44574,156.10727,156.66756,156.59494,157.05481,158.62141,167.01323,172.63301
16,265.5059163743334,275.12015,278.40656,278.45612,274.71234,274.56638,272.72278,273.48352,270.30536,275.4702,291.93414,302.54623,316.34503,311.5498,300.42612,279.55594,256.44287,230.90747,219.33658,215.67722,215.03938,215.09209,219.6084,239.30516,263.143
17,355.00406623199103,359.33328,360.66507,361.00125,359.04218,357.32202,355.92056,354.32413,355.11768,354.56015,349.27478,351.32446,351.3237,344.64304,340.03735,328.15714,321.66592,316.0711,315.36316,316.49506,316.3483,317.27747,320.44223,337.3951,348.74796
18,1122.9117672540506,1415.1974,1460.7494,1485.0874,1485.5538,1412.0121,1451.3264,1441.499,1395.8484,1286.2817,1162.9427,1159.1786,1285.7946,1284.1901,1201.5111,1029.2242,898.99274,755.3036,719.8027,685.2463,680.90106,682.9313,729.9467,853.7486,1160.8346
20,282.5291778126392,285.97464,287.00244,287.34286,285.6389,284.37387,283.2082,281.98798,282.6197,282.17682,277.94934,279.60074,279.60004,274.26694,270.61798,261.16318,255.9971,251.52528,250.9811,251.88187,251.76517,252.5046,255.0232,268.5151,277.55035
23,1475.7722785370602,1807.4335,1938.1189,1957.6692,1960.0508,1865.4191,1915.739,1910.286,1845.2854,1678.9314,1527.4155,1539.4797,1694.4133,1700.5,1593.2028,1356.6904,1173.4503,980.36383,933.5267,885.7865,879.2756,882.5907,940.3718,1118.2075,1514.8943
24,140.699950133372,142.4143,142.92758,142.96022,142.2757,141.61865,141.02611,140.44337,140.74504,140.52396,138.41914,139.2416,139.24127,136.59354,134.77242,130.06174,127.48694,125.25655,124.98893,125.43755,125.379395,125.74766,127.00193,133.72096,138.22047
25,219.379723819238,226.61111,228.89516,229.0418,226.01189,225.53757,224.93178,224.783,223.02098,225.48009,236.7406,246.86186,253.73584,250.7077,242.498,227.75378,208.96564,191.31438,182.7391,180.48949,179.83847,179.93233,183.0968,198.98419,217.6803
26,240.9217224931085,292.0488,319.68845,322.03516,324.89667,309.5525,315.8472,314.4811,303.13272,275.85345,241.09181,243.32034,276.1328,274.65652,252.29153,210.64688,188.3875,158.35704,148.82428,143.47328,142.27644,143.68805,153.57176,185.23634,248.05338
27,986.4899103485262,1168.0516,1197.89,1209.2358,1192.1248,1156.7224,1179.1201,1180.4072,1144.6865,1079.2462,1002.6567,1005.07745,1082.4514,1080.2249,1024.8915,909.6458,819.7406,732.0816,704.5828,691.1851,689.1016,686.8364,716.80133,813.75366,1005.6446
29,219.6622670841908,222.33879,223.16501,223.40483,222.1609,221.09648,220.22987,219.26173,219.73257,219.3876,216.10153,217.46242,217.38496,213.25127,210.40143,203.05382,199.03394,195.55193,195.1341,195.83446,195.74368,196.31853,198.27676,208.7666,215.79129
30,1957.864201411696,2385.773,2643.7698,2686.7114,2666.2393,2556.7583,2618.7024,2620.7424,2537.5854,2243.472,1901.1703,1834.5266,2136.1104,2114.195,1969.4066,1598.9445,1440.4534,1240.0903,1208.8007,1162.9891,1157.9105,1157.9331,1245.0089,1493.7328,2053.8896
31,364.7326545415575,369.18063,370.54874,370.94675,368.90134,367.11414,365.6093,364.0341,364.84933,364.27667,358.82016,360.9523,360.95126,354.08768,349.35577,337.1555,330.48096,324.70792,324.0055,325.1683,325.01752,325.97223,329.22363,346.64114,358.30515
32,159.6208136905356,161.56575,162.16617,162.34038,161.40848,160.82396,160.00446,159.32977,159.6574,159.4212,157.03333,157.96638,157.96599,154.96214,152.8913,147.55447,144.63098,142.11531,141.79707,142.30595,142.23999,142.65773,144.0807,151.7033,156.80788
33,1903.5337264021,2394.4302,2604.4988,2646.9492,2631.7979,2504.4404,2583.7341,2583.941,2482.32,2181.994,1846.9022,1795.6544,2093.8647,2086.3591,1911.6641,1550.6588,1391.173,1193.4277,1143.818,1099.4789,1094.8973,1095.5299,1164.5782,1419.0538,1985.8916
34,246.24645846388523,261.43774,269.14545,269.05563,263.55655,264.6232,260.49057,261.75763,254.2773,268.44928,298.15894,335.71146,352.81454,347.7111,327.27527,291.11926,243.85637,207.53741,185.95972,179.43817,178.3051,178.17102,183.27232,207.43471,245.46405
35,462.9138202512939,608.8448,644.868,642.2706,639.5744,612.8475,629.67786,633.7064,603.8788,543.8978,487.6771,505.39066,574.88965,572.87384,512.1535,431.16382,366.3514,286.67105,262.4449,244.45688,242.6628,243.8935,269.1453,331.82706,489.99576
3,209.14041271785624,209.9773,209.95447,209.0975,208.0331,207.0877,206.44348,206.85081,206.0463,203.31215,204.40364,204.46199,200.62419,197.19608,190.9314,187.26901,184.02594,183.57104,184.10849,184.11462,184.61044,186.62259,196.36903,202.86472,205.51866
4,383.5845156010628,399.33334,413.16995,406.70413,387.16116,395.25705,395.9157,382.59525,352.9463,314.4726,320.2475,352.11166,350.02994,330.927,282.5723,246.71632,206.08646,196.38641,188.32927,187.78786,188.1685,199.42946,235.32549,318.26492,392.81097
5,174.26250811130154,174.9598,174.94081,174.22679,173.33624,172.55217,172.01527,172.36363,171.68446,169.4063,170.31567,170.36426,167.16653,164.31009,159.09012,156.03853,153.33632,152.95729,153.40515,153.41023,153.8234,155.49995,163.6211,169.03346,171.26886
6,73.07613639224888,73.36855,73.36058,72.99568,72.68924,72.358894,72.13936,72.27611,71.995026,71.0397,71.421036,71.43185,70.10047,68.90263,66.71369,65.434,64.300835,64.13596,64.32971,64.33185,64.50508,65.20814,68.613655,70.88275,71.82076
7,478.08696771592304,498.41202,503.11404,503.64417,482.35614,492.3412,489.6711,473.28064,435.1494,393.93857,387.80692,430.0767,430.2119,404.2365,341.7192,308.06766,263.61105,251.10185,239.57393,239.30565,239.09416,256.09836,295.03653,392.60056,486.82312
9,107.56481228326184,107.99522,107.98348,107.446396,106.995316,106.50906,106.18427,106.392746,105.973495,104.56725,105.12861,105.15864,103.18478,101.42159,98.19956,96.31594,94.64795,94.406784,94.69044,94.69359,94.9486,95.98346,100.99624,104.33711,105.71696
10,251.14521904176485,263.6754,270.46454,268.78888,254.02904,261.62015,260.68533,249.58939,226.15405,202.9971,210.88208,239.05116,238.28546,216.52513,179.95186,152.7352,118.302345,108.44453,101.72337,99.5805,99.69654,108.37055,134.93474,203.71266,257.7473
11,774.2777719942193,810.0529,825.9026,820.8673,787.2186,797.64276,796.2906,770.706,703.68994,620.13776,622.84204,694.2605,690.72784,646.80273,535.604,478.3003,402.72592,376.48218,358.2605,358.82617,360.44437,386.13116,468.57556,632.5187,793.12683
12,335.0737413400068,347.82846,356.1609,352.79327,338.6766,343.75037,343.63382,331.29053,306.17062,274.75687,261.244,300.1322,300.06177,274.1652,239.0886,217.31451,186.6497,177.77306,173.27866,173.07106,173.43797,182.98608,215.91241,281.0879,340.24387
13,323.1958839031638,324.48904,324.45392,323.1272,321.60306,320.38965,319.02808,319.65765,319.10193,314.18915,315.87585,315.9661,310.0353,304.73755,295.0565,289.39682,284.3852,283.68216,284.51276,284.5222,285.28842,288.39786,303.45963,313.49783,317.59894
14,133.42982972241668,133.98688,133.93135,133.28296,132.72339,132.14447,131.70917,131.97589,131.45583,129.71147,130.40782,130.44507,127.99649,125.80944,121.81262,119.476074,117.40701,117.10784,117.45966,117.46359,117.77993,119.06364,125.28176,129.426,131.11919
15,177.90646145375857,178.61838,178.59892,177.71057,177.02966,176.1603,175.61229,175.96794,175.2745,172.94865,173.88965,173.92671,170.66208,167.74594,162.41685,159.30144,156.5427,156.14377,156.61292,156.61816,157.03993,158.75157,167.04247,172.56807,174.8256
16,275.4964655490393,278.70663,278.5598,274.53314,274.60138,272.53918,273.6075,270.21603,274.35135,291.706,305.46042,315.9261,311.68533,300.22632,279.52826,255.98683,231.16574,219.15048,215.66089,215.09549,214.99075,219.43056,239.611,263.34634,271.92398
17,359.40129085392795,360.9017,360.80023,359.32764,357.49844,355.87375,354.74625,355.4851,354.0842,349.38568,351.28668,351.36148,344.7664,338.87527,328.10962,321.83704,316.24283,315.46115,316.38467,316.3953,317.24728,320.70514,337.45413,348.61676,353.1774
18,1404.1356029255458,1470.2078,1513.5791,1490.1622,1415.07,1449.393,1444.2305,1391.0298,1292.0577,1157.4962,1167.1422,1282.2733,1278.7106,1203.0149,1026.775,902.88776,755.85443,722.76764,685.61957,685.0876,680.48413,730.5241,866.95776,1155.7693,1432.4877
20,286.02869901609904,287.22278,287.14352,285.968,284.57883,283.2213,282.34012,282.91196,281.79715,278.09836,279.5505,279.63022,274.38147,269.6751,261.1253,256.13336,251.68114,251.03984,251.79407,251.80247,252.48062,255.23247,268.56207,277.44592,281.07538
23,1857.0124842405205,1935.7386,2012.5796,1965.1277,1867.4587,1920.6362,1905.1813,1841.4259,1702.5521,1529.5951,1534.7378,1700.4031,1687.9469,1593.2899,1354.2262,1173.0115,980.01227,932.7095,885.6961,880.1039,879.5255,940.0301,1111.2463,1539.1736,1930.1194
24,142.44271688981655,143.01266,142.9979,142.46632,141.74068,141.04466,140.59256,140.88327,140.3354,138.47319,139.21658,139.25627,136.64244,134.30756,130.04509,127.54425,125.33761,125.01616,125.39378,125.39802,125.73571,127.10611,133.74428,138.16846,139.97601
25,226.9245864147585,229.55048,229.06558,226.25954,225.38484,224.93103,224.68005,223.04721,225.6961,237.20375,247.04774,254.48424,250.66383,242.35191,228.02144,209.10582,191.53546,182.8516,180.45982,179.8622,179.90152,183.15494,199.28477,217.8826,223.75049
26,305.8756960817681,320.82126,326.8436,322.9536,308.69144,316.51758,314.58313,303.9481,276.7191,241.26491,242.0778,276.8218,275.63983,251.0138,212.30328,188.25696,158.29765,148.4736,142.94757,142.27489,142.67671,154.48148,189.52377,249.90416,314.3328
27,1159.4225681540256,1197.87,1222.9742,1195.7737,1159.147,1182.7058,1183.0148,1146.3909,1081.6426,1005.61865,1011.35657,1079.3223,1081.2114,1024.7986,916.7467,821.25916,732.1656,703.12494,689.7389,689.7115,688.1525,716.1953,813.35834,1007.48206,1173.2714
29,222.38309318510048,223.27293,223.24869,222.33582,221.20566,220.20038,219.53236,219.94853,219.09308,216.18582,217.34642,217.37921,213.3276,209.68237,203.0211,199.12343,195.67836,195.1766,195.76616,195.77274,196.29991,198.43942,208.80304,215.7101,218.53204
30,2532.792257133789,2646.5088,2701.8542,2684.906,2574.9204,2623.9937,2633.68,2539.4954,2234.1145,1898.0808,1826.4298,2132.358,2115.2678,1974.892,1607.9136,1439.3224,1245.3772,1206.8752,1157.5073,1160.1083,1160.5493,1249.0846,1525.0732,2051.075,2599.628
31,369.2503814115547,370.792,370.68753,369.17188,367.28772,365.62628,364.48877,365.22687,363.78757,358.9603,360.88733,360.99036,354.21436,348.1619,337.10126,330.62946,324.9092,324.08127,325.055,325.06583,325.9412,329.49368,346.7018,358.17032,362.856
32,161.5979419515819,162.24452,162.22696,161.5636,160.80153,160.19482,159.51404,159.82883,159.55096,157.09457,157.93793,157.98305,155.01765,152.36877,147.52824,144.69841,142.1926,141.84108,142.25638,142.2611,142.64421,144.19893,151.72981,156.74892,158.79947
33,2489.648261803009,2609.151,2655.6187,2632.6704,2522.384,2582.1953,2588.0063,2490.028,2196.088,1838.5477,1793.3114,2088.3738,2077.2195,1906.3767,1551.1346,1388.8033,1187.4734,1143.7168,1096.3981,1093.8671,1094.7234,1163.0033,1424.8792,1984.545,2544.6394
34,261.9542593040167,269.47156,269.09732,263.52805,264.1603,260.25336,261.72726,256.6911,268.8102,298.41388,335.07556,354.7114,345.13306,327.20706,291.9973,249.13684,207.55638,185.90762,179.59993,178.45448,177.96057,182.65463,208.14145,245.43135,262.26224
35,607.6406928762938,636.45,653.6018,642.8619,611.9208,633.10156,632.2197,603.9976,552.0793,485.71866,501.30682,567.4396,569.33716,510.36758,423.9103,363.49136,287.75897,262.0999,243.78218,243.15446,242.5808,268.66656,329.44238,495.31744,622.6415
3,209.86557977365803,209.76802,209.1478,208.12758,207.12096,206.4741,206.89444,206.3491,203.12988,204.40552,204.37392,200.83345,197.57706,191.09131,187.19409,184.02756,183.65129,184.04947,184.10112,184.55959,186.53906,196.40176,202.98714,205.51076,206.35109
4,406.1083819612205,407.24106,407.7812,386.90952,396.75635,394.7308,383.06396,351.03787,314.727,316.17978,353.40204,348.68088,330.29504,283.63535,248.11243,206.53714,195.34856,189.20457,186.52464,187.75703,199.76263,234.91447,317.18524,392.82153,406.3551
5,174.8667405898622,174.78545,174.26866,173.41861,172.57988,172.04085,172.39104,171.9541,169.25441,170.31729,170.2909,167.34087,164.62758,159.2234,155.97609,153.33769,153.02414,153.35597,153.399,153.78099,155.43031,163.64828,169.13544,171.2382,171.93956
6,73.32951834740655,73.29543,73.07871,72.69904,72.370514,72.1445,72.30601,72.100815,70.97598,71.421715,71.41064,70.095406,69.035774,66.76955,65.40785,64.30139,64.16993,64.30367,64.32713,64.487305,65.17895,68.6251,70.926094,71.80729,72.10201
7,505.5056204336055,505.01642,506.52908,481.57327,492.913,491.6783,474.1455,433.30997,392.68658,388.2603,430.7915,428.66376,403.72028,343.5463,305.5119,263.56064,249.10922,238.83324,239.10847,239.52684,255.56732,295.72598,395.2881,485.60974,504.7916
9,107.93777921594427,107.88759,107.56861,107.00976,106.52618,106.19348,106.392,106.13995,104.4735,105.12958,105.11331,103.29241,101.6176,98.28179,96.277435,94.648796,94.45528,94.65287,94.68665,94.92244,95.94051,101.01307,104.40007,105.69802,106.13095
10,268.93854230526483,270.61295,268.15204,255.66855,261.4439,260.47092,250.34093,226.83925,202.22893,208.92307,237.61844,236.40074,216.06638,179.52402,151.01303,118.21139,108.6235,101.544334,99.847206,99.777054,108.53962,137.65228,205.63362,258.10284,269.15814
11,822.6451148180894,821.2079,823.0892,785.59106,798.4326,796.2242,771.44147,703.48596,615.3905,624.6821,701.13824,691.48737,643.04456,537.63556,477.48987,399.11942,377.77274,358.8753,357.65808,360.0854,385.6807,449.37677,632.18414,792.0174,833.60065
12,353.7174252803615,354.76855,356.83737,339.0548,344.381,343.3504,332.0686,307.73795,274.56512,260.77347,299.06836,299.50308,274.50446,237.98291,216.5284,186.53801,179.55785,173.32782,173.07837,173.55942,183.1062,218.06801,280.35114,341.7039,356.7708
13,324.31652340335205,324.16565,323.2073,321.66846,320.35425,319.23886,319.72498,318.8824,314.54633,315.8788,315.83,310.35873,305.32648,295.3036,289.28104,284.3876,283.80624,284.42145,284.50134,285.2098,288.2688,303.51013,313.68692,317.58685,318.8854
14,133.8924802236685,133.8361,133.44531,132.74132,132.14145,131.75304,131.99689,131.66234,129.59518,130.40904,130.38885,128.13011,126.05252,121.914635,119.428276,117.408066,117.16799,117.413086,117.45495,117.74747,119.01036,125.30267,129.50407,131.11417,131.65033
15,178.5233288644324,178.44037,177.91275,176.9884,176.34225,175.63834,175.99591,175.54985,172.79361,173.87877,173.86444,170.84007,168.07004,162.55286,159.2377,156.54408,156.22398,156.55084,156.60664,156.99666,158.68048,167.07022,172.67218,174.81891,175.53374
16,279.46503625765035,278.7057,274.7216,274.50208,272.52478,273.56284,270.41675,274.9889,291.46014,305.635,316.15805,311.12326,299.00183,279.35803,255.70854,230.85832,219.27432,215.66187,214.95628,215.08374,220.40717,239.63892,263.30826,271.9865,276.30734
17,360.6474678722906,360.49564,359.414,357.6609,355.93094,354.8193,355.55197,354.64044,349.07245,351.26456,351.2358,345.126,339.53006,328.3845,321.6873,316.26675,315.59906,316.28333,316.372,317.1599,320.56146,337.5103,348.8271,353.16382,354.60794
18,1487.4517381775386,1497.0332,1489.7129,1410.9299,1449.667,1442.7227,1398.3258,1293.5858,1153.4174,1161.5874,1295.4224,1281.3605,1202.2643,1028.3419,902.274,755.14435,720.852,683.8384,683.95294,684.78033,728.74664,867.9398,1167.823,1438.7922,1494.5546
20,287.02046615878004,286.8996,286.04037,284.67685,283.46786,282.38217,282.95697,282.23972,277.80844,279.59323,279.5099,274.66772,270.2141,261.3508,256.01407,251.70013,251.16875,251.69414,251.78398,252.41104,255.11824,268.60678,277.61325,281.06473,282.2139
23,1969.971285963201,1971.0704,1984.7982,1866.3777,1914.1266,1907.4042,1844.9019,1710.1232,1514.1139,1539.6868,1702.7311,1694.1515,1587.3757,1346.4988,1178.4169,984.24677,936.2904,883.65015,880.24457,879.51996,939.1444,1102.4628,1520.8126,1901.8492,2005.4374
24,142.93661839974015,142.87013,142.44852,141.74944,141.19029,140.62677,140.90257,140.54153,138.34898,139.21785,139.19633,136.7849,134.56708,130.14973,127.4901,125.33651,125.08244,125.34306,125.38876,125.70106,127.04922,133.76657,138.25177,139.9706,140.54294
25,229.88198984293243,229.25285,226.03076,225.93227,224.58669,224.70293,223.0397,225.62636,237.07666,246.84012,253.66049,251.15335,242.31583,228.08966,208.93282,191.54886,182.81711,180.39354,179.8566,179.9853,183.48868,199.0776,217.73477,223.88345,226.38664
26,324.91448925578504,327.14413,326.55765,308.98648,317.26044,315.90143,304.56,277.02008,241.05264,241.61037,276.48526,276.38602,253.11813,211.9448,186.96638,158.35036,149.34082,143.53201,142.2701,142.99678,153.7105,186.68512,249.25204,314.5996,329.74405
27,1210.6505065809406,1209.3445,1205.0515,1161.1605,1180.3514,1183.9811,1150.36,1083.7233,998.7391,1013.6834,1078.1932,1077.8405,1025.3214,915.62384,815.4237,730.26294,703.1599,690.3333,687.2792,689.9001,718.15344,809.5216,1002.517,1165.9302,1203.395
29,223.1541775051964,223.05043,222.39096,221.33208,220.2358,219.5479,220.03947,219.41501,215.992,217.3484,217.31482,213.31221,210.0876,203.19109,199.04716,195.6767,195.28,195.687,195.75832,196.24583,198.35063,208.83783,215.84015,218.52367,219.41718
30,2698.2168896739768,2738.013,2688.889,2561.1023,2617.1418,2645.585,2541.3137,2236.4563,1904.1189,1823.8052,2124.6714,2119.1765,1959.3406,1601.5643,1433.4766,1247.8608,1212.5157,1162.393,1155.8127,1159.789,1242.2917,1480.9696,2085.0496,2595.2673,2746.7456
31,370.5307088645904,370.37476,369.2634,367.50522,365.6851,364.5429,365.28494,364.359,358.63843,360.8907,360.8349,354.58392,348.83463,337.38358,330.5028,324.9065,324.2478,324.926,325.04193,325.85144,329.34628,346.75952,358.38632,362.84204,364.32578
32,162.15826170167605,162.08282,161.60365,160.83423,160.17712,159.61943,159.86249,159.4412,157.27316,157.9394,157.915,155.17937,152.66324,147.6518,144.64052,142.1938,141.90312,142.21072,142.25067,142.6049,144.1344,151.75507,156.84346,158.79343,159.4427
33,2658.443369523105,2699.2917,2656.4807,2520.2878,2581.903,2600.255,2501.3523,2196.6367,1850.136,1800.3457,2083.5115,2084.3884,1904.3323,1558.2057,1386.6062,1201.7651,1140.9866,1092.0657,1092.2797,1099.1726,1168.8304,1439.5509,1993.189,2554.613,2715.3782
34,268.5537430032685,269.19855,264.0431,263.85156,260.47018,261.6325,256.59256,266.25537,298.66034,335.15167,354.57635,347.61847,326.2135,291.2161,250.79805,208.10553,186.41281,179.52194,178.40863,178.2499,183.52266,209.39551,244.63086,261.60156,267.496
35,650.7682194787939,654.372,643.184,614.80304,631.8047,634.15936,603.9428,544.50494,491.4927,500.46027,571.06976,566.7348,512.8498,432.4392,361.334,284.3702,262.506,245.6462,243.02303,243.10652,268.28122,327.11057,493.94147,625.2213,651.20447
3,209.6791082450233,209.19017,208.2276,207.28958,206.44176,206.82396,206.29027,203.12967,204.36232,204.51952,200.75844,197.30783,191.01117,187.1959,184.01694,183.60277,184.12793,184.11629,184.55022,186.4221,195.83867,203.17613,205.54887,206.22728,206.34898
4,416.4397577963229,406.10117,391.83038,397.04388,394.54276,382.0588,352.63593,314.57678,319.49295,352.42853,350.67307,331.46695,283.09335,247.91888,207.73438,195.32945,189.0265,187.03651,186.79553,200.25645,233.92778,317.90247,394.5783,406.39996,414.31537
5,174.7113665239466,174.30392,173.50192,172.72035,172.00188,172.33235,171.88765,169.24072,170.28127,170.41231,167.27837,164.40324,159.15663,155.97765,153.32883,152.98373,153.42133,153.41165,153.7732,155.33287,163.17903,169.29288,171.26993,171.8352,171.9424
6,73.26436298750887,73.09351,72.757195,72.38994,72.133194,72.26673,72.14415,70.975914,71.406624,71.461555,70.14735,68.90073,66.74157,65.40846,64.2977,64.15297,64.33649,64.32058,64.48405,65.13809,68.428345,70.992134,71.82121,72.05765,72.103195
7,518.4840035059157,501.95212,482.45358,489.76868,489.88065,475.7884,434.04834,388.10715,392.58475,428.92764,430.38898,404.09543,344.0338,307.7695,262.5623,249.64645,239.28386,238.68863,239.12964,257.18497,296.71704,393.197,487.4958,502.61,509.3277
9,107.84187343325452,107.59037,107.09534,106.55477,106.17687,106.37341,106.09416,104.46508,105.10737,105.1882,103.253815,101.4791,98.24062,96.27834,94.64333,94.43033,94.700424,94.68521,94.91764,95.880356,100.723465,104.497246,105.717636,106.06655,106.1327
10,277.0699928847649,268.9009,256.99072,262.43756,260.6562,249.35663,227.89348,202.20454,207.23476,238.51547,237.15364,215.07451,179.978,150.33247,118.43288,108.44849,102.22799,99.660835,99.76204,107.67505,135.08942,203.59377,256.75623,271.34964,273.5028
11,845.7595925385227,817.4207,794.4352,795.0235,798.9787,770.77704,705.3973,617.1504,615.71356,691.99664,695.8071,641.00507,536.4291,473.96384,400.503,375.74484,359.64566,358.46835,359.36655,383.8213,450.4478,628.5616,796.2071,833.5722,835.00574
12,362.72562627769895,352.36365,340.447,343.34415,342.71484,332.40463,308.89746,276.28494,260.1099,302.17746,297.66898,275.78537,238.94673,216.536,185.4473,178.8464,173.13448,172.7796,173.54405,183.1367,218.58241,284.7218,340.7329,358.16672,356.68484
13,324.0283589604465,323.27267,321.78525,320.37704,318.95837,319.34988,318.79135,313.90717,316.22516,316.05496,310.24277,304.9104,295.17978,289.28378,284.37125,283.7312,284.54282,284.52472,285.1953,288.08804,302.63986,313.9789,317.64563,318.69412,318.88217
14,133.77351295191806,133.46675,132.8679,132.17691,131.70813,131.92863,131.61143,129.58478,130.38144,130.48183,128.08217,125.880745,121.86354,119.42942,117.40127,117.13707,117.47208,117.45321,117.74147,118.93574,124.94338,129.62462,131.13847,131.57127,131.64894
15,178.36470581597345,177.9488,177.13,176.23586,175.5739,175.93591,175.48196,172.77968,173.84195,173.97572,170.77768,167.84105,162.48471,159.23921,156.53502,156.18275,156.62946,156.60432,156.9887,158.581,166.59125,172.83287,174.85133,175.42847,175.53195
16,279.07140589029325,275.52725,274.54883,273.1255,273.51828,270.19583,274.6447,291.1407,305.91977,316.55396,310.7078,299.30298,279.45346,255.83049,231.08778,219.06268,215.5899,214.91162,215.1291,219.80827,239.54605,264.05145,272.0958,276.45874,276.7146
17,360.3270223532832,359.50076,357.8326,356.22086,354.7637,355.4205,354.4517,349.04428,351.1903,351.4605,344.99997,339.06744,328.2468,321.6904,316.2274,315.53677,316.4181,316.39813,317.14383,320.36057,336.54257,349.15186,353.2293,354.3952,354.60434
18,1526.0089141555975,1486.1812,1424.1698,1445.8058,1445.7745,1391.0226,1280.1243,1152.9597,1155.4463,1297.628,1281.3375,1197.2896,1028.1105,899.5761,756.84955,720.7481,683.61755,682.4984,685.4474,728.8529,854.67145,1164.2743,1434.5468,1493.2386,1509.6078
20,286.7654403220906,286.10776,284.78186,283.53397,282.23935,282.8606,282.13068,277.78607,279.49396,279.67233,274.56522,269.84604,261.23434,256.00366,251.66881,251.11922,251.82065,251.78014,252.39816,254.95827,267.83673,277.8716,281.11676,282.04465,282.21106
23,2022.369066686512,1967.4166,1892.8511,1914.9801,1908.9542,1837.9792,1703.216,1518.6373,1520.0802,1696.7163,1701.827,1587.3741,1345.3799,1175.208,986.95874,929.3535,882.58453,883.0442,879.74713,939.1791,1105.4541,1519.5972,1901.9727,1982.9751,2035.7329
24,142.80961515433123,142.47653,141.82178,141.10504,140.57509,140.865,140.50108,138.34888,139.18842,139.2955,136.7338,134.38371,130.0951,127.496574,125.33575,125.0472,125.40706,125.376045,125.69465,126.96962,133.38307,138.38055,139.9966,140.45863,140.5415
25,229.57305714197344,226.46721,225.43385,224.38759,224.63498,223.13942,226.02773,237.04376,246.73883,254.17332,250.79604,241.85237,227.8023,208.85368,191.3449,182.529,180.31638,179.82169,179.98845,183.47186,198.84454,218.04356,223.96501,226.33649,226.64424
26,334.0975893633808,327.36017,309.75986,315.17944,315.1306,305.77463,276.24103,240.23225,242.06223,275.91293,276.46814,253.14226,212.21532,187.37677,158.68982,149.52448,143.09769,142.27173,143.07065,154.70258,188.6442,251.17291,313.9062,329.97458,329.84045
27,1233.4996215087626,1197.4591,1167.4836,1180.1295,1184.6642,1147.2322,1089.1354,997.8451,1010.90186,1079.5424,1073.7957,1025.1667,913.9122,818.9886,729.08026,703.34595,689.3011,688.41235,686.7565,714.9796,812.8973,997.137,1171.2148,1203.3894,1223.9567
29,222.95589868002887,222.43597,221.41252,220.44351,219.51363,219.91992,219.54694,215.99176,217.30244,217.46965,213.47034,209.67657,203.10593,199.04903,195.66882,195.22504,195.78683,195.7385,196.23584,198.22626,208.23914,216.0411,218.56412,219.28558,219.41495
30,2783.4396267510706,2716.6785,2585.5752,2619.3252,2620.986,2555.013,2242.282,1922.392,1829.752,2123.452,2113.2783,1961.3635,1591.6333,1423.8566,1250.7834,1205.5968,1164.6396,1159.3672,1156.3604,1237.9882,1483.5028,2043.9982,2604.1772,2763.6575,2753.2146
31,370.2014818052384,369.35257,367.6387,366.0298,364.46042,365.16055,364.21826,358.60953,360.81433,361.09195,354.45145,348.3593,337.24213,330.50595,324.89334,324.15656,325.08923,325.03708,325.83487,329.1398,345.76526,358.71997,362.90933,364.10715,364.32205
32,162.01417948022328,161.63634,160.89262,160.18852,159.47919,159.67494,159.39568,156.95358,158.11258,158.02748,155.12138,152.4552,147.58989,144.64189,142.18562,141.8656,142.27141,142.26236,142.59766,144.04402,151.31993,156.98946,158.82281,159.34706,159.44109
33,2745.440882757938,2701.6067,2539.3943,2586.2097,2579.1008,2506.9875,2200.1604,1866.5186,1790.0443,2089.8418,2079.9214,1904.9623,1548.3247,1380.5789,1194.9924,1144.9188,1093.4951,1080.6111,1089.9575,1166.9806,1425.1498,2009.9219,2549.2004,2711.7214,2719.8276
34,268.040667177518,264.48605,264.02176,260.1569,261.71393,254.90718,266.61343,298.90112,335.20624,354.22385,347.35022,327.2959,291.60834,249.28685,207.94199,186.31116,179.45154,178.3076,178.05331,183.41212,207.55647,245.87791,261.89908,266.173,267.08575
35,670.6672907712939,648.2235,619.63434,627.3305,631.57556,605.8212,546.70905,490.715,502.90247,574.6486,569.87213,513.88745,431.9213,358.2127,284.32318,262.43884,243.70491,242.022,243.2398,268.8046,327.03214,488.45935,623.5539,654.39105,664.1979
3,208.5706386025836,208.16528,206.8056,206.31422,206.61354,206.24191,203.21521,204.33505,204.4418,200.58221,197.38069,191.01213,187.17322,183.96284,183.49437,184.08154,184.06795,184.52129,186.63998,196.43068,202.9867,205.66641,206.17549,206.27913,205.57094
4,417.9848044841532,397.7432,399.41595,395.3993,382.74207,352.39658,314.38544,317.91812,355.25998,350.32593,329.86353,282.78488,247.03745,206.51785,195.70459,189.615,187.95515,186.82523,197.61743,233.78911,316.47318,393.614,406.94974,414.53128,410.6406
5,173.7877540210039,173.44998,172.31706,171.90764,172.16321,171.84735,169.32547,170.24507,170.34752,167.13156,164.464,159.15741,155.95876,153.28372,152.8934,153.38268,153.37134,153.7491,155.51445,163.67238,169.13503,171.36786,171.7921,171.8784,171.28111
6,72.87705057033929,72.73542,72.260315,72.13402,72.193214,72.06335,70.99388,71.39709,71.434395,70.085785,68.967155,66.77954,65.400536,64.27879,64.115105,64.320274,64.31552,64.46582,65.21421,68.635216,70.92596,71.862274,72.04015,72.075775,71.82588
7,520.8995587538154,489.94394,494.7464,488.46103,476.65097,432.68124,390.09344,390.1542,436.32907,429.8119,401.49326,342.23148,307.20694,263.59955,249.7641,238.94582,238.94469,238.45483,255.56569,296.0484,394.5721,486.8961,503.50037,509.72375,507.56213
9,107.2717668361542,107.06327,106.36396,106.17806,106.26521,106.074066,104.533035,105.08502,105.148254,103.16317,101.5166,98.2411,96.26668,94.61552,94.37456,94.67658,94.66957,94.89409,95.99244,101.02796,104.39984,105.77805,106.039925,106.09321,105.724495
10,278.3645772852649,260.26703,261.62473,260.10367,249.66548,227.85823,201.95915,207.10518,238.32552,235.75662,215.05693,181.2765,148.70824,118.166115,108.4708,102.45723,100.15416,99.88851,108.18579,135.19841,205.82088,257.312,270.70172,276.91956,272.26123
11,850.4940417058212,793.83154,802.6757,794.7306,770.5804,703.1086,619.14465,617.2837,703.74384,691.2527,642.4298,539.54047,478.65646,399.49594,378.06482,360.37955,359.00098,359.5766,384.32172,451.16464,633.93134,796.8396,830.8403,829.23004,832.9772
12,364.608920311871,341.59094,345.13168,342.53003,332.4758,307.4683,276.10278,262.15106,300.26825,301.1309,270.55356,239.13928,215.46167,186.65764,177.76306,172.82298,172.7336,173.3106,183.5826,217.45319,281.9597,340.8447,357.40628,358.30084,360.03513
13,322.3153814387303,321.6889,319.5878,318.859,319.05823,318.61472,314.03937,315.76996,316.29907,309.97034,305.02307,295.1813,289.2488,284.28754,283.5636,284.47113,284.4501,285.15063,288.42474,303.5549,313.6862,317.8272,318.614,318.77426,317.67984
14,133.06631861429025,132.81296,131.94774,131.70963,131.8177,131.55045,129.64954,130.35376,130.43217,127.96983,125.92723,121.86412,119.41495,117.36675,117.06786,117.44251,117.43381,117.71233,119.07473,125.321106,129.50386,131.21344,131.53827,131.60439,131.15256
15,177.42177991680057,177.07698,175.92035,175.61282,175.62885,175.4408,172.86621,173.80505,173.90959,170.62634,167.90448,162.48552,159.21991,156.48898,156.09048,156.59004,156.57843,156.9498,158.76634,167.09491,172.67178,174.95123,175.3844,175.47253,174.87013
16,275.7957929503093,274.36865,272.7227,273.40332,270.2458,274.6139,291.65646,305.58386,314.87183,312.312,299.69995,279.5469,256.287,231.1155,219.03766,215.7315,215.0439,215.13544,219.47893,239.64012,264.00235,272.412,276.43524,276.67484,271.7962
17,358.4221517680716,357.73972,355.38895,354.54465,355.05893,354.42026,349.4702,351.11572,351.3269,344.6943,339.1956,328.24844,321.6514,316.13437,315.3293,316.35956,316.315,317.09406,320.735,337.56006,348.82626,353.43127,354.30615,354.48438,353.26736
18,1532.2543838855877,1448.6066,1453.3112,1443.8126,1395.2792,1282.5682,1156.4247,1161.6357,1288.2423,1291.0824,1199.024,1025.8849,904.2472,750.89307,719.95184,683.88684,681.129,685.26556,730.6337,854.29236,1150.1215,1461.4689,1491.5143,1512.4792,1502.0028
20,285.2494534039926,284.70627,282.83676,282.19058,282.32297,282.06454,277.9252,279.4346,279.6027,274.38022,269.94577,261.23584,255.98544,251.60521,250.95412,251.77402,251.7386,252.3356,255.2562,268.64633,277.61264,281.2774,281.9738,282.11548,281.147
23,2031.1141246084128,1900.5248,1928.4774,1911.3763,1840.4463,1703.3564,1523.3008,1531.1375,1705.1713,1684.3029,1590.9722,1342.0754,1181.9967,986.36554,937.579,882.89233,880.63824,883.9475,941.2355,1105.5327,1517.4412,1894.889,1976.871,2007.0704,1991.6605
24,142.05465141773377,141.77852,140.85312,140.4608,140.61911,140.46858,138.41695,139.16985,139.24255,136.61382,134.43341,130.09581,127.481155,125.29457,124.97982,125.37529,125.3662,125.65914,127.11794,133.7863,138.2515,140.07668,140.42336,140.49391,140.0116
25,227.06261629530056,225.428,225.05334,224.9607,222.89038,225.97801,236.91476,246.97134,254.59338,250.71793,242.0569,227.8478,208.64603,191.44688,182.513,180.32971,179.86975,179.90738,183.5419,199.29984,217.79422,223.70337,226.2692,226.52467,223.74799
26,336.07724397075486,315.43384,316.49112,313.87567,305.39316,278.05563,240.35786,242.15752,278.46512,273.42865,252.81079,208.6703,188.30006,158.19054,148.76787,143.27936,142.03716,143.12837,154.06758,189.18944,254.21149,312.92178,329.55582,329.03198,328.99698
27,1235.487022076093,1172.7952,1187.3403,1183.8723,1147.8347,1086.3439,1000.7444,1012.2668,1080.9072,1076.701,1026.9109,914.92316,817.1718,731.2174,702.3544,689.64795,687.565,688.41235,718.1136,815.362,1002.4152,1174.8654,1207.9211,1221.277,1215.1111
29,221.77724121931087,221.34619,219.90045,219.39899,219.69626,219.30101,216.04642,217.27347,217.38698,213.28296,209.8788,203.2215,199.02495,195.61128,195.11314,195.7372,195.72305,196.18047,198.45795,208.86858,215.83975,218.68907,219.23047,219.3407,218.58765
30,2808.5313445093548,2618.642,2633.535,2623.3713,2550.215,2258.079,1937.6029,1843.2452,2117.2834,2111.6897,1958.0115,1601.1863,1424.5885,1237.275,1207.9559,1162.2542,1161.3021,1158.9341,1233.6783,1490.2109,2073.2773,2592.3816,2743.3591,2755.3435,2833.3013
31,368.24440984131246,367.54333,365.12805,364.29538,364.80215,364.1328,358.78912,360.73776,360.95468,354.1403,348.48795,337.2437,330.46594,324.79776,323.97067,325.00702,324.98334,325.75415,329.52448,346.81058,358.38562,363.11673,364.01566,364.19867,362.9483
32,161.15769071936515,160.84445,159.7939,159.4295,159.52911,159.30736,157.01968,157.88498,158.14954,154.98517,152.51154,147.59065,144.6244,142.14377,141.7818,142.23557,142.22505,142.57532,144.21237,151.77745,156.8431,158.9136,159.307,159.38713,158.83992
33,2771.31600663722,2576.1343,2596.1309,2582.241,2489.3674,2211.7412,1871.2296,1796.1118,2067.757,2088.7996,1908.2489,1542.1718,1370.3566,1187.5568,1143.6469,1099.3322,1093.4951,1090.5829,1164.8915,1426.7026,1989.0696,2569.7773,2696.7769,2720.7886,2787.4407
34,263.2234836338902,263.03647,260.644,262.5779,256.9626,268.75464,298.77606,334.64886,353.8274,346.69983,326.43222,291.24615,250.66983,207.93677,186.26791,179.81367,178.16653,177.93169,183.22142,208.55206,245.65982,262.4401,265.9827,266.4143,259.18344
35,674.0758106787938,627.8194,635.324,631.43646,602.38086,546.6144,492.23532,501.93353,574.5686,575.345,516.52875,427.10693,362.37973,284.1945,264.4326,244.65704,242.72594,244.37532,266.38794,328.6701,486.29742,625.5669,654.8384,662.7256,656.91925
3,207.67971907688425,206.92726,206.36136,206.37466,206.2197,203.23743,204.49817,204.5164,200.8848,197.37245,191.29436,187.25224,184.07219,183.55846,184.069,184.06099,184.55406,186.64606,196.41373,203.04184,205.35956,206.23651,206.16342,205.71867,205.29025
4,400.1929293385309,396.70602,397.44662,382.91763,352.75757,315.98352,318.58875,353.1553,352.11328,329.6342,283.57526,245.64944,207.17271,196.93713,189.30147,188.6657,187.95515,198.89389,234.22517,316.10095,393.7512,407.97852,414.16776,409.0072,403.5648
5,173.04541126162948,172.4184,171.94695,171.95798,171.83464,169.34395,170.39441,170.39618,167.38373,164.45712,159.39261,156.02457,153.37486,152.94678,153.37221,153.36554,153.77637,155.51952,163.65823,169.18102,171.11218,171.8429,171.78204,171.41144,171.03117
6,72.56575273971701,72.30283,72.105125,72.14969,72.0556,71.01356,71.48387,71.46046,70.19154,68.96429,66.84051,65.41546,64.31699,64.13749,64.3159,64.31309,64.48537,65.215965,68.62928,70.94522,71.75509,72.06147,72.03594,71.87995,71.72107
7,498.3868957415198,493.7929,493.87787,475.19427,437.51035,389.93488,390.48422,436.29425,432.72717,405.43732,343.18243,308.34384,262.63428,249.97609,240.38089,238.17459,238.49455,255.8008,295.3846,391.51678,487.25128,503.78656,507.9978,509.0247,501.24988
9,106.81355031885865,106.42653,106.13551,106.201126,106.06267,104.5288,105.19563,105.178314,103.318825,101.512344,98.38625,96.307335,94.67176,94.40752,94.67012,94.66601,94.91959,96.00722,101.019264,104.42821,105.62024,106.07128,106.033714,105.804955,105.57023
10,264.72038057676485,263.98352,261.90613,250.35803,226.101,203.27904,207.9681,237.6889,236.84776,214.57257,179.3589,146.47226,117.76088,107.741325,101.138596,99.67204,100.71918,108.5375,135.11249,202.84584,256.33435,269.7839,275.71228,273.4959,263.5212
11,810.8611939367809,802.8792,806.4918,768.9141,708.47205,621.66785,620.5064,702.15216,697.3041,643.2884,539.3181,476.68698,399.47818,377.62692,360.29507,359.78912,362.7748,383.28925,449.8483,635.89996,797.6485,832.32947,831.76166,832.2041,818.5252
12,348.9014718691494,344.74762,345.05804,332.58008,306.14432,276.9209,262.14517,300.44485,297.24054,270.0048,235.51192,218.16164,186.54204,178.17302,173.36874,172.82298,173.46817,183.54095,218.38278,283.03604,341.39847,356.3988,357.07266,360.43445,350.86642
13,320.9385957670705,319.7757,318.9013,318.8973,318.56317,314.0317,316.02188,316.05017,310.35406,305.0102,295.61743,289.37097,284.4566,283.66266,284.4517,284.43936,285.20132,288.4342,303.5287,313.77136,317.35318,318.7083,318.59537,317.9081,317.24606
14,132.497919427038,132.01717,131.7024,131.73824,131.5664,129.64774,130.46808,130.46948,128.16287,125.921974,122.0442,119.46537,117.4365,117.108765,117.43449,117.42939,117.74397,119.093155,125.310326,129.53902,131.0177,131.57718,131.53056,131.24686,130.97346
15,176.6639142408298,176.02385,175.54251,175.65099,175.35631,172.88504,173.95747,173.95934,170.88377,167.896,162.72704,159.28717,156.58206,156.14499,156.57928,156.57256,156.99193,158.79085,167.08044,172.71863,174.69029,175.43622,175.3741,174.99573,174.63141
16,275.5380970201586,272.51123,273.60782,270.43896,275.17575,291.59268,305.82306,315.71432,311.25253,299.71533,279.41055,255.78502,231.04854,219.26678,215.75064,215.09311,215.07477,219.56938,239.329,264.12265,272.0824,276.22015,276.50375,271.90295,273.37872
17,356.8911342883688,355.5961,354.62558,354.64847,354.3821,349.2572,351.512,351.42737,345.21426,339.1785,328.73636,321.78717,316.32236,315.43942,316.31683,316.32422,317.15036,320.7455,337.53085,348.9211,352.90396,354.411,354.28546,353.52115,352.78497
18,1465.9481798524253,1452.4321,1450.0433,1396.4039,1289.8055,1151.7393,1159.7826,1289.6172,1293.3615,1202.0537,1017.6134,896.4022,752.10736,720.0738,680.78827,680.6432,683.2874,727.1269,856.34924,1151.9634,1438.4775,1489.3354,1513.3478,1503.8375,1473.9392
20,284.03099662869886,283.00034,282.20715,282.2245,281.8854,277.95547,279.67975,279.68256,274.73795,270.01257,261.62177,256.0936,251.7444,251.04396,251.74002,251.7459,252.40343,255.29564,268.6232,277.68802,280.8579,282.0572,281.95728,281.349,280.76303
23,1941.30488945312,1920.9609,1915.4515,1843.6826,1702.784,1524.6798,1532.6256,1710.175,1704.5017,1587.9734,1316.8533,1190.7317,981.01135,938.5851,877.98755,879.7799,880.6084,948.6198,1107.1041,1522.2792,1897.8953,1973.9597,2012.9795,1990.2228,1951.6965
24,141.44785813411335,140.93533,140.5396,140.66885,140.40085,138.42226,139.27156,139.29337,136.81992,134.42775,130.28802,127.53499,125.369095,125.01916,125.36692,125.36129,125.69729,127.12139,133.7748,138.28908,139.86765,140.46495,140.41515,140.11221,139.82047
25,226.7556795768298,224.96135,224.79654,223.03355,225.79709,237.27266,246.68042,253.80174,251.34969,241.81168,226.96558,209.2147,191.41585,182.64984,180.33963,179.80154,179.95358,183.38689,199.3294,217.80579,223.65218,226.392,226.50276,223.7036,224.67647
26,320.30743953593407,317.18997,317.04727,304.88412,277.46835,241.79367,242.26346,276.42334,276.37158,252.67241,208.3584,188.43262,158.8808,149.63036,142.61145,142.37686,143.14754,154.37766,187.14761,253.01157,315.62985,329.9721,329.44247,329.37146,321.7723
27,1194.3811119167972,1186.957,1190.2325,1149.1953,1086.1183,1002.0553,1008.516,1087.5508,1078.6309,1024.7405,917.057,816.1125,729.3157,701.60614,692.6392,689.64795,688.0162,720.6525,814.2126,1007.91595,1170.6119,1204.7112,1220.4371,1213.847,1178.2673
29,220.82990905462165,220.02977,219.42812,219.42537,219.27747,216.1063,217.53755,217.4663,213.60474,209.87003,203.40703,199.07042,195.72754,195.18129,195.7242,195.71535,196.23993,198.4633,208.85057,215.89833,218.3629,219.2953,219.21764,218.74469,218.28918
30,2661.9730971576946,2643.8208,2639.6501,2529.9854,2244.5427,1927.0767,1837.3197,2122.1626,2105.1533,1959.948,1606.402,1440.1957,1232.4004,1214.7476,1155.7877,1162.2542,1162.4861,1231.405,1519.88,2068.676,2598.853,2750.045,2743.9138,2821.9504,2683.8152
31,366.6714361132972,365.341,364.34387,364.33923,364.10593,358.82825,361.05417,361.05792,354.67456,348.4734,337.7421,330.6055,324.99078,324.08383,324.98526,324.97073,325.84164,329.57538,346.7806,358.48297,362.5751,364.12332,363.99435,363.20914,362.45273
32,160.46929788353526,159.88785,159.45065,159.44865,159.28159,157.01585,158.01094,158.02509,155.17703,152.5051,147.80872,144.68549,142.2283,141.83133,142.22585,142.21968,142.60066,144.2171,151.76434,156.88568,158.67659,159.35416,159.29768,158.95406,158.62303
33,2622.362511312531,2600.0234,2611.946,2486.0115,2207.5095,1862.932,1792.5657,2064.2632,2094.5193,1902.882,1549.2448,1380.279,1194.5961,1141.0172,1096.664,1088.6951,1091.9851,1163.4482,1416.9512,1984.0734,2564.6445,2719.9001,2717.8252,2770.4412,2639.2603
34,263.837410108638,259.7503,262.44684,254.37738,266.46732,298.38046,335.17508,353.14673,347.8968,327.1423,291.36353,248.70186,207.46974,186.19505,179.43251,178.11435,178.09929,183.26491,208.07109,245.80495,262.80685,266.3989,265.55432,259.02502,263.03497
35,640.6551381012938,636.6667,635.8044,606.7781,548.7572,489.82965,504.0798,568.23584,572.3999,517.755,433.51587,356.9646,285.2218,262.8369,244.42955,241.94003,242.72594,265.43405,329.4504,491.0789,623.42944,651.56305,662.63104,656.03546,645.1354
3,206.74736143371064,206.50122,206.31927,206.16693,203.26881,204.43597,204.40848,200.37492,198.04321,190.95804,187.27118,184.01965,183.5645,184.1013,184.04945,184.51941,186.66917,196.23538,203.22646,205.54901,206.2076,206.16116,205.73273,205.16084,204.24026
4,406.26051631904255,399.3171,387.28656,350.0793,317.86902,317.88574,354.58374,351.3546,330.33072,281.94205,248.73497,206.84131,196.2305,187.9592,187.79156,188.77705,199.2092,234.15428,318.32806,393.65063,408.39783,413.47073,412.00546,402.3301,406.29538
5,172.2685409320516,172.06346,171.91188,171.78487,169.34874,170.34262,170.31969,166.9454,165.01598,159.1124,156.04036,153.3311,152.9518,153.39908,153.35593,153.74748,155.53876,163.50961,169.33484,171.27011,171.81879,171.78009,171.42317,170.9466,170.14061
6,72.23997594022858,72.15399,72.09042,72.06757,71.02454,71.432335,71.42117,70.013374,69.19864,66.72299,65.43478,64.29634,64.13959,64.32718,64.30907,64.47326,65.224434,68.57858,71.00974,71.82126,72.05138,72.03514,71.88547,71.685036,71.34762
7,505.89856684807097,496.77426,475.3287,430.73227,389.3378,391.94153,435.5988,432.35062,405.5109,345.335,309.5354,262.69775,250.46269,239.77089,238.61537,239.15685,256.64264,298.78,394.7598,487.47165,503.26898,510.9295,507.2408,502.81363,506.57596
9,106.3340214054098,106.207436,106.11385,106.08024,104.54495,105.14525,105.1476,103.04829,101.85731,98.21329,96.31708,94.644745,94.41065,94.68672,94.660065,94.90178,96.00744,100.94388,104.52316,105.71769,106.0564,106.032524,105.81221,105.51803,105.02054
10,269.73989078976484,263.56384,255.04752,226.4043,202.27783,207.4825,237.28273,236.49608,215.97775,179.0755,149.3724,117.518616,107.55626,101.70388,100.25492,99.67204,108.30733,135.2788,203.08713,257.47534,271.65778,275.45038,273.3783,266.14703,271.84232
11,824.5532163239477,806.8554,775.32074,696.2277,619.22906,623.5825,707.70544,696.3019,641.2624,537.5728,479.69138,398.89056,380.6836,360.4536,358.43204,362.7816,383.11032,455.6301,629.9463,795.47144,830.62164,838.4577,830.43744,816.8337,826.57886
12,354.05975488583624,350.29492,334.43912,307.46368,276.37985,261.2547,302.8233,297.896,276.75616,237.10454,217.76631,183.85652,178.7142,173.14505,172.97382,173.31403,183.55241,218.64847,282.52643,341.27115,357.41995,356.02103,359.87845,351.2933,355.75375
13,319.49777355254287,319.11746,318.8362,318.45825,313.96573,316.0168,315.88333,309.65002,305.85257,295.09763,289.40012,284.37552,283.67203,284.50153,284.42148,285.14777,288.47,303.25305,314.05673,317.64587,318.66364,318.59186,317.92984,317.04602,315.62344
14,131.90308306828567,131.75046,131.64671,131.58829,129.68376,130.41693,130.41086,127.82721,126.34991,121.829605,119.47744,117.40301,117.11259,117.45507,117.42201,117.72184,119.09338,125.21688,129.6568,131.13855,131.5587,131.52911,131.25578,130.89091,130.30359
15,175.87079899853487,175.66145,175.50668,175.45108,172.82558,173.90459,173.88121,170.4363,168.46655,162.43951,159.30472,156.53732,156.15018,156.60675,156.56265,156.9625,158.79117,166.95581,172.87573,174.85138,175.4116,175.37212,175.00772,174.52118,173.73817
16,274.67291083587304,273.2844,270.57364,274.48383,291.46088,305.8396,314.79367,311.8118,299.03293,279.2585,254.9461,230.94476,219.41608,215.86078,215.1281,214.99841,219.72261,239.04584,263.20184,272.27905,276.51135,276.68,271.94168,273.3243,274.5941
17,355.288906693331,354.8778,354.55322,354.2915,349.31116,351.3168,351.31638,344.31033,340.33102,328.15543,321.82266,316.23212,315.44992,316.3723,316.28323,317.112,320.7852,337.2244,349.23828,353.2296,354.36127,354.2815,353.54532,352.5625,350.9805
18,1488.65625711522,1462.9579,1411.2183,1268.1128,1145.9877,1147.6381,1280.345,1294.8812,1204.4204,1025.7192,909.2298,751.6677,717.8073,684.6786,680.78827,683.01044,729.5647,853.6002,1157.8813,1465.008,1488.8333,1510.2875,1505.2295,1477.43,1485.0586
20,282.755867445252,282.42868,282.16476,281.83588,277.92267,279.59467,279.55707,274.0185,270.85165,261.1536,256.11948,251.6726,251.05002,251.81094,251.71329,252.37282,255.29616,268.42294,277.94052,281.11697,282.0177,281.95422,281.36832,280.58603,279.32712
23,1972.366948609673,1927.783,1872.9972,1684.0958,1528.5541,1534.4343,1708.1814,1706.8927,1595.3583,1338.9839,1184.3695,987.39856,932.1736,882.43665,875.8507,879.99365,949.8705,1102.591,1521.3848,1896.2036,1972.9131,2008.5128,2032.0367,1955.4379,1967.1249
24,140.8128419070688,140.64519,140.5185,140.44504,138.3746,139.23859,139.21031,136.47264,134.88454,130.05896,127.54789,125.333336,125.02331,125.388855,125.3536,125.673515,127.137886,133.67596,138.41484,139.9967,140.44519,140.4136,140.12183,139.73228,139.10532
25,226.00550994953483,224.79465,223.11957,225.88043,236.94229,246.70334,253.14998,250.741,242.03397,227.49808,209.33028,191.41728,182.62503,180.33347,179.80829,179.91324,183.42075,198.95952,217.79485,223.84814,226.35757,226.58057,223.74435,224.8238,225.09384
26,325.7306552579124,319.18448,304.596,283.9477,241.09357,241.67589,276.1132,276.0227,252.9156,211.82092,188.66711,159.67474,148.4869,143.81953,142.31744,143.29558,153.0812,186.92099,252.52005,315.30182,329.7427,329.25854,328.55475,322.99945,328.36563
27,1206.607473392907,1189.3448,1154.001,1083.8235,998.53625,1011.9344,1084.3351,1081.4016,1025.8905,914.4644,816.5301,731.3217,702.0215,690.42065,690.8049,689.64795,716.06085,816.7349,1005.8065,1167.5874,1208.6227,1222.4335,1215.2866,1179.6108,1195.8118
29,219.8385149287841,219.5768,219.38335,219.12325,216.13972,217.38077,217.34677,213.0626,210.58324,203.04945,199.12912,195.66469,195.1877,195.75851,195.70341,196.20279,198.48898,208.69635,216.0947,218.56427,219.26459,219.21516,218.7597,218.15155,217.17268
30,2712.1578994231672,2676.2903,2543.0642,2234.5588,1948.1199,1846.7748,2103.5798,2107.8054,1965.2972,1578.3712,1442.1665,1249.158,1200.2363,1156.9927,1151.9341,1162.1127,1240.6445,1494.9414,2086.4875,2612.7039,2741.3296,2749.3904,2818.4592,2683.033,2735.8706
31,365.0253008165371,364.60297,364.2695,363.83765,358.83844,360.9444,360.89578,353.7459,349.65753,337.14822,330.63885,324.89813,324.0944,325.04224,324.95074,325.78006,329.576,346.52203,358.80896,362.90955,364.07233,363.9903,363.234,362.22412,360.59888
32,159.74888677627143,159.55873,159.4181,159.22913,156.98286,158.0084,157.94167,154.82501,152.92628,147.54881,144.70006,142.18776,141.83601,142.25076,142.21074,142.57388,144.235,151.62653,157.02837,158.82294,159.33182,159.29593,158.96492,158.52301,157.81172
33,2674.0385023266936,2613.97,2488.5024,2199.2124,1861.2524,1813.701,2054.515,2082.4312,1894.9895,1529.7977,1412.3651,1194.5537,1145.2394,1095.2467,1087.5636,1097.8304,1160.8749,1419.0641,1985.9811,2562.3928,2708.147,2723.099,2769.175,2633.3489,2690.5154
34,263.35517619388565,261.8609,256.76007,265.43384,298.64005,334.969,353.7023,347.17783,326.9018,291.04745,250.90315,208.35936,186.55371,179.83954,178.50664,177.95718,183.34943,208.01106,246.28934,262.39648,265.97015,266.14825,259.26767,262.0103,265.89462
35,652.9176079462939,642.77014,610.3351,544.0273,489.02414,499.51852,571.7508,571.34393,516.175,421.87064,357.34967,285.8087,262.19165,245.14043,241.99243,244.46463,268.16333,327.0517,489.50815,624.2737,658.1342,663.12604,657.67773,643.76514,656.13824
3,206.3226207295982,206.0352,205.92252,203.28171,204.36382,204.16995,200.25406,197.31816,191.15176,187.28615,184.16469,183.44287,184.11496,184.06548,184.55229,186.56061,196.44221,203.1324,205.46484,206.36156,206.20288,205.82588,205.25153,204.43831,203.31828
4,405.2281773831645,387.05478,351.27533,317.14774,319.9248,351.8317,351.91635,328.82703,284.98813,240.61266,206.61406,196.9235,189.28946,186.94522,187.88437,199.20496,234.47841,316.9762,394.65558,406.91977,414.28647,411.10162,404.69812,405.49185,401.6599
5,171.91463333746614,171.67513,171.58125,169.38086,170.23776,170.12096,166.85812,164.41095,159.27379,156.05287,153.45192,152.8505,153.41049,153.36923,153.7749,155.44829,163.68195,169.25645,171.19994,171.9471,171.8149,171.50072,171.0222,170.34456,169.38048
6,72.09156650935053,71.99116,71.95178,71.06094,71.407135,71.33938,69.94411,68.94529,66.790695,65.43998,64.34931,64.09885,64.33194,64.31466,64.48476,65.18649,68.63925,70.98025,71.79187,72.10517,72.049736,71.91799,71.71732,71.43257,71.02886
7,504.7823545424999,481.30386,436.72165,390.6488,389.39764,437.77774,434.14615,402.21866,340.92712,305.61188,264.00806,249.03215,239.01675,239.06305,239.44435,256.38452,293.93097,401.8068,485.54642,503.7866,509.70236,509.72852,501.58633,508.09268,506.64755
9,106.11556934483866,105.96775,105.90979,104.59851,105.10813,105.00843,102.9913,101.48387,98.312904,96.324745,94.719345,94.34811,94.693756,94.6683,94.91868,95.95159,101.03392,104.502556,105.6744,106.13562,106.053986,105.86007,105.564705,105.146416,104.55134
10,268.9651111392648,252.66791,227.68228,200.80013,206.44151,237.3285,237.15317,216.09393,175.76341,151.15834,117.63205,107.25981,102.11746,100.02846,100.30141,108.99413,136.03564,201.92596,257.72565,271.18192,275.14197,273.4345,263.5582,272.48227,267.16928
11,822.742177801324,785.0259,700.9559,614.2672,622.41187,706.432,696.2046,645.32,543.1829,475.2375,400.28986,375.51273,359.14087,358.9347,360.45078,384.7241,447.9517,627.1692,795.91705,831.3162,835.0984,835.56586,812.6855,826.82605,823.8687
12,353.3634260097714,337.0136,307.54202,276.2714,261.89307,302.46735,299.6542,274.83795,233.18826,218.15741,183.44603,178.812,172.79854,172.85876,173.89572,183.48224,219.50954,281.81094,340.82117,357.5053,357.26678,359.85095,350.22107,356.14456,354.9457
13,318.8413989881469,318.39725,318.22305,314.04996,316.0498,315.75586,309.46335,304.92627,295.2448,289.42328,284.5996,283.48416,284.5227,284.44617,285.19852,288.3022,303.57278,313.91147,317.51587,318.9015,318.65643,318.0737,317.1862,315.92957,314.19873
14,131.6321020604096,131.43535,131.36006,129.75021,130.38235,130.22958,127.76038,125.88664,121.95322,119.48698,117.495514,117.03503,117.46379,117.43221,117.74281,119.02412,125.3285,129.63121,131.08487,131.65695,131.55571,131.3152,130.94876,130.42995,129.71538
15,175.5094909437116,175.26503,175.16917,173.00035,173.97284,173.67833,170.3472,167.84888,162.6043,159.31602,156.66216,156.04669,156.61842,156.57628,156.99037,158.69887,167.10468,172.84163,174.77986,175.54262,175.40765,175.08693,174.59839,173.90657,172.95389
16,273.4467435203652,270.49576,275.05832,291.645,305.77283,313.922,310.97086,299.50113,278.97064,254.76459,231.47115,219.15482,215.75873,215.11519,215.1281,219.69702,239.47903,264.1232,272.08688,275.19348,276.85986,271.77548,273.7951,274.53464,271.26794
17,354.55900301114724,354.02914,353.87143,349.3333,351.1928,350.85968,344.39536,339.08325,328.48828,321.84537,316.4842,315.241,316.39587,316.31076,317.14728,320.6226,337.57986,349.07675,353.08496,354.62585,354.3533,353.7053,352.71838,351.3209,349.3962
18,1484.9911496231605,1420.9961,1277.5424,1159.7954,1153.4978,1284.6324,1275.7947,1199.9431,1031.1216,879.71985,751.1561,717.8345,683.9511,681.7765,680.8049,727.7905,859.6411,1158.2295,1439.7222,1485.4347,1513.839,1503.6278,1474.8424,1483.5516,1480.824
20,282.17497526168177,281.75323,281.64795,277.9344,279.80008,279.23087,273.87537,269.8586,261.42673,256.15714,251.87093,250.88376,251.80289,251.76195,252.401,255.16676,268.66217,277.88577,281.00183,282.22824,282.0113,281.49564,280.71014,279.5979,278.06616
23,1967.492128586103,1867.72,1685.9386,1532.1857,1522.3021,1716.9188,1712.5818,1580.6317,1335.5137,1154.0804,982.67413,933.4,883.8652,877.2891,877.58374,937.89124,1111.9506,1525.6674,1907.0298,1974.05,2044.261,2002.0131,1952.4325,1972.6252,1955.7211
24,140.52355673697076,140.32779,140.26117,138.24706,139.2932,139.05739,136.41225,134.3907,130.19089,127.55806,125.432106,124.94049,125.398224,125.364456,125.69609,127.0584,133.79419,138.35739,139.93938,140.55008,140.44202,140.18523,139.79405,139.24019,138.47737
25,225.0644360922116,223.38756,225.72647,237.17696,246.61491,253.97928,250.81985,242.02945,227.18437,208.91206,191.44797,182.64516,180.32309,179.79216,180.01752,183.00504,198.88571,217.50531,223.69876,226.39487,226.72829,223.76263,224.92763,225.06252,222.8998
26,325.04891208810244,308.37698,278.63226,239.66959,240.21695,277.90652,276.17462,253.62442,209.91682,187.69044,158.1926,149.14693,143.2535,142.89333,143.04916,153.3844,191.43883,253.80058,313.981,330.74564,329.31778,328.05734,322.36533,327.4583,326.76666
27,1203.7346046785567,1164.2401,1079.7297,1006.34595,1007.7739,1088.0857,1084.1257,1022.35535,914.377,811.6925,734.2215,704.48773,691.4657,690.24304,691.48724,715.17694,816.98737,1000.78033,1170.0327,1208.3868,1222.5188,1212.5076,1181.999,1194.8315,1193.2933
29,219.38687982701367,219.0813,218.96144,216.08994,217.30402,217.09787,212.85179,209.81229,203.2554,199.14502,195.82594,195.06367,195.77303,195.72041,196.23807,198.36488,208.88084,216.00497,218.47484,219.42825,219.25963,218.85861,218.24796,217.38326,216.19238
30,2708.430683978772,2555.3127,2225.197,1914.1238,1833.8303,2124.9785,2106.1016,1957.776,1586.2512,1431.6986,1242.6431,1197.6112,1159.0981,1150.5774,1153.6671,1247.3844,1502.5577,2082.1401,2592.759,2742.943,2751.0737,2783.606,2672.4326,2727.5762,2725.1436
31,364.27539473690194,363.73096,363.56894,358.80115,360.72226,360.47464,353.5609,348.3756,337.4903,330.6653,325.15417,323.87976,325.0663,324.979,325.83847,329.36996,346.83096,358.73825,362.76108,364.34412,364.06403,363.39835,362.38437,360.9485,358.97113
32,159.42069949407346,159.19862,159.11153,157.02498,158.0249,157.87793,154.73167,152.46313,147.6224,144.71164,142.2998,141.74208,142.26135,142.22308,142.59926,144.1511,151.78639,156.95573,158.75793,159.45074,159.32822,159.03685,158.5931,157.96478,157.09937
33,2670.3481124849222,2505.0955,2214.6396,1895.4331,1795.4855,2067.7283,2075.8635,1906.6998,1534.9536,1380.0314,1180.4254,1142.1471,1099.1873,1092.9617,1098.3817,1169.2084,1414.3251,2053.5117,2551.6746,2706.7249,2714.3162,2798.7483,2635.5425,2692.6545,2682.5122
34,261.5640621920096,258.6286,265.4721,298.38025,335.3503,354.12698,348.34503,326.27975,290.72696,250.8785,209.61458,186.39667,179.50078,178.43602,178.10022,183.44748,208.71484,246.05757,262.33426,266.2773,266.02167,260.0629,262.13873,265.17596,260.94284
35,651.1141297887938,611.9598,546.2073,487.97543,498.62415,570.03107,570.4116,513.49817,427.24213,356.36612,285.40045,264.62573,240.17671,243.37143,244.95842,266.69675,327.3484,491.29605,624.84717,653.8718,662.27826,657.5041,642.92474,654.798,646.16394
3,206.4987327288643,205.81654,203.82593,204.64484,204.42003,200.30714,197.50082,190.89131,187.22829,184.12405,183.60335,184.08633,184.0523,184.57338,186.36642,196.4306,203.06082,205.49324,206.4091,206.38313,205.7362,205.45705,204.17986,203.24791,204.07878
4,388.1565420758456,350.50812,317.92123,320.39795,355.33228,350.24414,329.71964,284.44547,246.01404,206.55907,195.89886,187.56116,187.71263,188.43199,199.42491,234.14005,318.88272,392.25024,405.632,414.19043,412.0914,403.67526,407.9463,401.45084,390.01752
5,172.06137551083086,171.49295,169.83438,170.51663,170.28505,166.9023,164.56403,159.04097,156.00464,153.41808,152.98424,153.38664,153.35826,153.79243,155.28653,163.67229,169.19676,171.22357,171.98671,171.96506,171.42607,171.19344,170.12926,169.3527,170.02924
6,72.15310212703167,71.91476,71.21921,71.45138,71.42678,69.989685,68.97815,66.69969,65.41978,64.33511,64.153175,64.32213,64.31005,64.49212,65.11865,68.635185,70.95185,71.80508,72.12179,72.1127,71.88668,71.78913,71.34286,71.02076,71.300934
7,484.4624116011513,435.62073,394.973,392.04514,435.27335,435.18515,408.26193,343.57614,305.68484,265.14313,248.98944,240.54291,238.72961,239.56218,253.2713,301.2424,398.08194,487.11615,503.09277,507.54272,508.6251,501.75598,506.96994,507.80032,484.71167
9,106.20614702849012,105.855286,104.83149,105.1732,105.137024,103.021675,101.579,98.16922,96.295,94.69843,94.43065,94.67902,94.661514,94.92952,95.85173,101.0279,104.43796,105.70743,106.160065,106.14671,105.81399,105.670395,105.013535,104.53418,104.951805
10,255.12169028676485,226.40909,209.33006,207.75461,237.33347,238.66464,215.61397,178.09549,151.8197,118.32275,109.305725,100.802666,100.77757,100.81006,108.33557,137.15694,204.1793,256.55078,270.74817,275.7897,273.28152,264.7369,272.43796,267.41147,261.32867
11,786.6402272211924,701.3066,625.18964,616.95825,705.2621,699.17456,646.58624,542.96783,475.76404,401.19882,379.33945,361.19147,359.482,361.48672,383.44754,453.56805,636.6101,793.3827,830.62354,835.44446,830.7665,816.3774,823.05597,825.13513,797.3377
12,339.7663686422861,307.8674,274.94135,262.75266,302.15933,299.20203,278.27353,235.69084,218.68886,183.6032,178.795,173.55014,172.85843,173.59541,183.02362,217.33508,281.89462,340.95355,357.28278,356.47107,359.5072,350.51596,356.20383,355.44165,339.02682
13,319.11355429533546,318.05933,314.98315,316.263,316.2211,309.1131,305.20856,294.9946,289.28564,284.5367,283.73215,284.47852,284.42584,285.23108,288.00204,303.55487,313.8008,317.5599,318.97513,318.93484,317.9353,317.50372,315.53006,314.09006,315.3739
14,131.74446003928503,131.29291,129.99104,130.46312,130.41821,127.77142,126.00389,121.77494,119.45008,117.46959,117.13741,117.44555,117.42381,117.756256,118.90025,125.321075,129.55109,131.12578,131.68732,131.67072,131.258,131.0799,130.26503,129.6705,130.20055
15,175.65930160058957,175.07903,173.38573,173.9509,174.06715,170.39236,168.00513,162.36661,159.26677,156.62614,156.18465,156.59407,156.56511,157.00833,158.53362,167.09483,172.73479,174.83444,175.58305,175.56099,175.01073,174.7732,173.68677,172.894,173.60081
16,269.5970949510635,274.44373,291.6074,304.43704,315.68015,310.03998,299.11176,279.06842,254.18723,231.70303,219.32646,215.68388,215.17438,215.20795,220.6063,239.13184,264.25098,272.04803,274.67783,276.81595,271.93073,273.43008,274.63638,271.45285,272.56085
17,354.861646001321,353.64545,350.26865,351.67584,351.28937,344.22153,339.53107,328.00815,321.7459,316.41144,315.51953,316.34674,316.28818,317.1836,320.26492,337.56763,348.9537,353.13385,354.70764,354.66296,353.5514,353.07156,350.87677,349.27527,350.703
18,1422.019422930966,1280.6594,1162.2208,1158.1748,1301.4962,1288.0392,1197.1698,1037.725,882.89166,759.53735,722.79956,686.9042,683.61914,684.17175,723.7637,851.2053,1158.0917,1464.6816,1517.3822,1508.698,1503.5848,1475.8333,1490.8275,1474.4718,1424.7773
20,282.4158329963328,281.44788,278.78674,279.89304,279.90802,273.94794,270.10992,261.04453,256.06082,251.81256,251.10326,251.76378,251.7172,252.4441,254.88217,268.65247,277.71405,281.08966,282.29318,282.25778,281.37305,280.9912,279.24454,277.96997,279.10617
23,1881.932901120754,1698.3329,1539.3643,1542.301,1709.1672,1712.7932,1597.4941,1350.4167,1137.9897,978.9982,927.82513,885.25635,881.68646,880.9672,933.3406,1123.0221,1522.9169,1909.6056,1972.9529,2011.1946,1998.3827,1956.1587,1977.3224,1955.3591,1882.3374
24,140.6435042465236,140.17888,138.83623,139.11273,139.3687,136.42647,134.54898,130.0135,127.5187,125.404434,125.0498,125.378716,125.35554,125.7104,126.9317,133.77174,138.30199,139.96518,140.58247,140.56479,140.12422,139.934,139.06413,138.42944,138.99535
25,222.31541773658955,225.79018,237.00241,246.84856,254.20978,250.89687,241.68462,226.87267,208.96643,191.42992,182.58934,180.32756,179.79713,179.98096,183.31691,198.92097,217.6735,223.63658,226.36037,226.78922,223.70021,224.81555,225.02419,222.92354,223.79425
26,310.9253937827065,276.14825,242.40863,240.68604,279.13702,276.49213,252.84282,211.81532,186.06151,158.1651,148.90398,143.71541,142.5265,144.23643,153.43744,189.78831,252.773,313.90164,330.32535,329.96442,330.12827,324.1015,327.8072,327.03427,315.73712
27,1166.0396326773362,1082.0881,1005.26447,1015.52515,1086.9851,1088.9559,1027.3585,914.69275,811.7877,734.3788,705.0131,690.0395,691.37384,690.86804,715.3452,813.3963,1001.1539,1171.4531,1205.3838,1220.3344,1214.8389,1184.1067,1197.8364,1195.4272,1170.6428
29,219.5741431618941,218.84875,216.73213,217.61273,217.3638,212.99043,209.91223,202.97856,199.08347,195.78273,195.22906,195.7432,195.70639,196.26047,198.16714,208.84589,215.91855,218.51506,219.47887,219.4512,218.76341,218.46648,217.10844,216.11754,217.00099
30,2590.08326528596,2275.069,1924.0328,1854.7788,2109.0405,2116.444,1956.533,1579.0437,1438.6573,1237.1677,1204.6033,1161.8246,1158.1323,1151.5944,1246.2296,1481.9485,2057.3503,2597.322,2755.7036,2755.295,2779.8442,2678.0823,2719.3264,2718.982,2605.5623
31,364.5863314040677,363.3368,359.86734,361.32956,360.82242,353.6546,348.69992,336.99698,330.5631,325.0824,324.16315,325.01587,324.95566,325.8758,329.04153,346.77283,358.51636,362.8743,364.4282,364.38223,363.24008,362.74725,360.49228,358.84677,360.31375
32,159.55677714766773,159.02966,157.49158,158.1315,158.11055,154.55655,152.60428,147.4973,144.64282,142.26836,141.86607,142.23926,142.21292,142.61554,144.00102,151.77744,156.9004,158.77995,159.48756,159.46742,158.96765,158.75186,157.76503,157.04503,157.68695
33,2549.008193719803,2196.5522,1873.0417,1824.8019,2066.634,2076.1792,1887.0955,1533.962,1376.235,1183.6327,1141.1586,1106.1298,1091.8182,1094.3544,1174.8749,1389.9779,2059.6653,2554.194,2703.6553,2724.7085,2770.6526,2642.273,2693.4949,2668.683,2542.9458
34,254.07575520088503,263.9494,299.24316,335.08234,354.03717,348.92056,326.6411,290.4293,250.42305,209.45662,186.06976,179.93172,178.30336,178.07806,183.33603,209.2904,245.69708,262.06488,265.8225,266.15912,259.79062,262.78003,264.77435,261.6992,261.77438
35,617.7282930012938,543.7972,496.67252,496.57196,574.03406,576.5088,511.15485,431.37302,359.99066,288.2062,264.01852,244.70844,238.67625,244.97023,266.96756,326.35974,493.46524,626.4606,651.038,662.4939,655.0969,643.0375,657.2101,651.2633,630.8469
3,206.19830637717504,204.19485,204.12505,204.48172,200.48962,197.69478,191.21379,187.32474,184.077,183.50551,184.14125,184.03995,184.51009,186.53378,195.24295,202.9842,205.42601,206.20631,206.38942,205.8484,205.28363,204.17249,203.09886,204.1101,204.36745
4,356.773575981566,323.0406,323.0476,356.42303,354.5031,328.99158,286.17453,246.66386,207.1787,197.5725,188.95013,187.56116,188.47186,199.6418,239.16594,320.3218,393.0012,407.46786,413.00085,411.72964,403.61453,406.5412,402.26074,388.6523,361.44385
5,171.81105062685572,170.14171,170.08354,170.3807,167.02695,164.72565,159.32545,156.09488,153.37894,152.90271,153.4324,153.34798,153.73973,155.42593,162.68274,169.13301,171.16754,171.81773,171.97028,171.51953,171.04889,170.12306,169.22849,170.07108,170.27008
6,72.04812960275206,71.3481,71.323715,71.39642,70.05345,69.076904,66.79282,65.453476,64.318695,64.11899,64.34113,64.305115,64.470024,65.17712,68.22021,70.92509,71.77829,72.0418,72.1149,71.92584,71.72854,71.34029,70.96514,71.322014,71.40192
7,443.58724135904,395.88702,397.14908,441.8585,436.88553,407.3988,346.6742,310.5243,262.28433,251.24687,239.66962,239.26227,239.12733,255.13068,295.8513,406.04227,486.8262,502.37903,509.25647,507.78433,503.73624,507.43628,506.42636,483.52502,452.30154
9,106.0516321563788,105.02122,104.985306,105.09233,103.11553,101.6781,98.3018,96.350746,94.67425,94.3803,94.70728,94.65517,94.89697,95.9378,100.417114,104.398544,105.65442,106.07423,106.14992,105.871666,105.581184,105.009705,104.457535,104.97761,105.10044
10,231.19920485676488,207.51944,213.82828,240.29051,239.40761,217.97885,180.18933,151.11324,117.47623,109.27097,101.05024,99.51609,101.113785,109.49614,139.7219,203.76651,256.53296,270.61038,275.57837,274.03635,265.4382,271.9747,268.1006,260.76843,234.30641
11,714.1283669299461,636.218,624.2727,707.12366,704.55225,650.65393,547.18884,481.00034,404.6507,379.18524,359.35486,358.64752,361.0794,385.19696,454.5777,632.4827,791.11786,828.9051,836.8713,833.89734,814.8611,826.5369,820.8386,793.91376,725.4524
12,310.7344337579963,274.4825,270.36703,305.08887,301.89484,276.11423,237.2994,218.29333,185.89236,178.62943,172.78033,172.7724,173.55994,182.75616,219.39172,283.0202,340.0446,357.2953,356.51218,360.55518,349.96945,355.3486,355.2145,339.03702,312.42117
13,318.6492893595432,315.55328,315.44537,315.99948,309.54114,305.677,295.49295,289.48285,284.54895,283.58093,284.56332,284.40683,285.13327,288.26062,301.71945,313.6824,317.45584,318.66177,318.94464,318.10846,317.23584,315.51862,313.85956,315.4224,315.81995
14,131.5527905459093,130.25449,130.23306,130.36284,127.910675,126.136345,121.99278,119.5192,117.43961,117.07498,117.480576,117.41594,117.71587,119.00697,124.56338,129.5022,131.06006,131.58078,131.67474,131.32959,130.96921,130.26031,129.57532,130.22055,130.3847
15,175.40374224473894,173.69954,173.6401,173.81711,170.39009,168.1702,162.65709,159.35893,156.58615,156.10004,156.63556,156.5546,156.95454,158.676,166.08449,172.66965,174.7467,175.44112,175.56628,175.10606,174.6257,173.68045,172.76721,173.6274,173.8464
16,275.26107842296045,290.88187,304.64035,314.64893,311.46616,298.6582,279.14038,254.4212,231.64044,218.78873,215.73132,215.01607,215.17438,219.51108,240.12836,263.36185,271.94742,274.94794,276.50247,271.91635,273.46945,274.68362,271.41736,272.37827,278.3762
17,354.3453726651421,350.84827,350.78262,351.39557,344.53513,339.7323,328.5542,321.9321,316.33066,315.34848,316.43045,316.26703,317.0749,320.5525,335.51895,348.80948,353.0182,354.35928,354.67374,353.74405,352.77347,350.86404,349.01907,350.75687,351.19904
18,1304.1109823560334,1166.5747,1181.3046,1298.9049,1293.6293,1203.877,1022.40826,894.3848,757.4319,718.56494,683.93286,683.95764,684.23206,733.3647,852.31433,1162.3097,1433.0642,1492.9023,1517.0779,1501.3909,1473.7062,1488.1108,1477.9377,1424.6559,1317.25
20,282.0049580372221,279.2218,279.1897,279.65973,273.96198,270.37518,261.51147,256.20895,251.75104,250.97424,251.83885,251.70029,252.34332,255.2253,267.022,277.5993,280.94867,282.06506,282.2662,281.5264,280.75397,279.23438,277.76614,279.14902,279.50092
23,1721.9312118616435,1548.7196,1564.2616,1720.3131,1716.6023,1596.881,1368.0968,1177.4092,988.899,931.51117,885.6225,883.10944,886.3791,941.61774,1115.1396,1553.5774,1902.3821,1978.0181,2009.8728,1999.3046,1959.3466,1983.987,1955.5299,1881.18,1740.962
24,140.43888790669808,139.07436,139.03691,138.97824,136.42468,134.64719,130.24956,127.58432,125.3724,124.98313,125.416145,125.34711,125.66734,127.0456,132.97737,138.24168,139.91287,140.42659,140.56905,140.20062,139.81592,139.05907,138.32791,139.01666,139.19193
25,226.35441988073893,236.02768,247.42462,253.40536,250.84671,242.2818,227.46246,209.14171,191.37149,182.69342,180.32486,179.85861,179.96277,183.40475,199.07712,217.72833,223.66722,226.23856,226.78784,223.8775,224.82936,225.03496,222.98232,223.97995,229.002
26,281.8407524024995,243.97685,243.2379,285.67136,276.93866,252.85155,211.61179,191.04692,158.708,150.62956,143.42155,142.35396,143.47252,154.41138,187.69893,256.59045,313.68027,327.41766,330.41724,330.84122,323.48026,328.618,326.9546,315.91748,287.681
27,1095.0808716467714,1017.5295,1016.19226,1086.4868,1089.9081,1028.5935,915.539,813.9633,733.0372,704.51447,692.0319,688.2444,691.3169,718.0156,810.4233,1003.1831,1170.4716,1207.5895,1222.4056,1213.7329,1180.962,1195.7266,1197.2228,1170.1144,1112.0266
29,219.25469394356867,217.1244,217.05016,217.43135,213.18452,210.21272,203.26187,199.18604,195.73271,195.12505,195.80101,195.69142,196.19318,198.345,207.60573,215.82443,218.43349,219.23543,219.4579,218.8826,218.2821,217.10056,215.95894,217.03426,217.30789
30,2305.128042270168,1963.582,1893.5608,2126.923,2124.99,1983.5742,1591.4609,1443.406,1252.938,1202.6688,1162.381,1155.6078,1158.929,1239.7216,1498.5427,2083.8555,2593.4727,2744.869,2749.935,2813.1245,2674.164,2726.7085,2712.082,2597.3225,2357.1262
31,364.0559100306672,360.46298,360.39542,361.0285,353.9187,349.0425,337.5998,330.75452,324.99948,323.99036,325.11273,324.93396,325.76398,329.33694,344.71362,358.3602,362.69214,364.13348,364.39334,363.43817,362.44098,360.47925,358.58365,360.36902,360.82343
32,159.3246446797716,157.77664,157.72269,157.99974,154.77057,152.8385,147.74648,144.74142,142.27448,141.79047,142.28166,142.20341,142.56664,144.13031,150.85973,156.8412,158.72792,159.33089,159.47232,159.05423,158.61792,157.75931,156.92978,157.7112,157.90997
33,2259.2887076814777,1905.6016,1902.8706,2070.6602,2101.057,1916.3827,1550.0355,1389.8486,1187.5078,1148.8717,1097.0056,1086.208,1097.6241,1179.2898,1419.3033,1994.1913,2542.058,2705.8936,2710.002,2784.4377,2634.107,2702.279,2675.7112,2531.5813,2281.5625
34,265.14433010750923,296.25635,335.0515,355.364,348.21533,327.37988,290.83582,251.23793,209.23776,186.71443,180.1348,178.29224,178.06647,183.34427,207.68765,246.09991,262.02945,266.32202,266.07074,260.0865,263.00848,264.86005,261.58542,262.15192,272.2489
35,558.5857292012939,499.87274,505.43054,573.9837,577.19934,515.4734,432.18945,362.97928,288.10565,265.26605,243.2304,242.82137,246.27483,266.43805,326.81244,493.04913,624.6644,652.2836,663.9782,656.7688,643.0688,656.9202,647.3156,630.10297,566.55853
3,203.7223788580806,203.82634,203.33897,200.22354,197.28246,190.77808,187.25082,183.9938,183.46704,183.95694,184.0696,184.51352,186.54631,196.4374,202.82443,205.41495,206.22198,206.27267,205.88086,205.53407,204.15576,203.11139,203.9554,204.51132,201.73256
4,327.7917941468134,330.73447,351.3396,352.4259,329.96188,284.7851,244.18565,206.8944,196.90224,187.35988,187.69215,188.16608,201.18816,241.3328,322.85306,392.9478,405.56476,415.11505,410.68524,404.6061,406.2995,401.65118,390.35583,360.39584,329.9143
5,169.74802830719884,169.83464,169.42851,166.83269,164.35464,158.96243,156.0234,153.30722,152.8707,153.27884,153.37271,153.74257,155.43643,163.67792,168.99979,171.15836,171.8308,171.87303,171.54652,171.25764,170.10909,169.2389,169.94218,170.4054,168.06483
6,71.18301121299945,71.21934,71.04905,69.96319,68.93283,66.660126,65.43596,64.28961,64.10557,64.27672,64.31611,64.48024,65.18151,68.63754,70.869255,71.77443,72.05642,72.05984,71.937225,71.81604,71.33444,70.969505,71.26443,71.458084,70.47716
7,401.4839909438814,400.97974,434.74554,435.73627,405.23892,344.7386,311.68954,262.18982,249.1781,240.43806,239.02225,239.37392,255.26881,293.9165,397.84702,486.11063,503.20874,504.19666,509.51004,503.65228,507.9488,506.54382,482.2338,450.62738,406.96143
9,104.77821648622022,104.83168,104.581,102.98266,101.46603,98.120705,96.297905,94.630005,94.36056,94.61247,94.67044,94.89874,95.944244,101.0314,104.316376,105.64873,106.06382,106.10834,105.88834,105.71001,105.00111,104.46395,104.89809,105.18396,103.73925
10,211.34300871426484,214.2367,238.71394,236.37708,215.97212,179.39925,150.4299,116.919655,108.571495,100.616554,99.875694,99.91078,107.7039,135.70374,205.14024,256.9282,269.82108,274.18713,273.1597,263.8982,272.26733,267.90674,260.93088,235.42082,209.03763
11,640.1124838270896,641.94,696.87726,694.4272,643.03973,538.75586,482.74963,399.34164,379.26196,359.7351,358.4743,361.39984,382.77588,451.97546,642.63605,793.0376,829.32745,833.9901,833.744,819.27374,823.06256,823.813,798.4483,728.8626,649.22833
12,278.92070369264235,268.25418,301.2244,299.9948,277.08853,233.9694,217.40582,183.30342,178.51102,172.94342,172.49171,172.80916,182.83699,217.2423,284.81277,339.83496,356.37625,357.23868,358.2085,351.25464,355.8994,355.3567,339.0824,311.64807,282.26022
13,314.82310592318635,314.98376,314.23053,309.50507,304.97403,295.36517,289.36874,284.33542,283.59283,284.2785,284.45258,285.13867,288.27997,303.56522,313.43546,317.43875,318.686,318.76422,318.15872,317.62274,315.49283,313.87885,315.1832,316.04233,311.74817
14,129.97316954877806,130.02052,129.78725,127.74585,125.864555,121.71305,119.46445,117.38472,117.05046,117.36298,117.43487,117.71808,119.01503,125.32539,129.40027,131.05298,131.56786,131.62314,131.35027,131.129,130.24965,129.58334,130.1218,130.47653,128.70369
15,173.2975806568668,173.38608,172.97142,170.32788,167.87611,162.28645,159.28592,156.513,156.0673,156.48401,156.58536,156.95743,158.68669,167.10054,172.5337,174.73737,175.42386,175.49754,175.1337,174.83867,173.66623,172.7778,173.49582,173.96867,171.605
16,294.4173696590243,304.99127,314.4623,312.21777,298.39966,279.01947,254.03905,231.61635,218.67819,215.7125,214.85574,215.17157,219.9396,239.8094,263.27124,272.11057,275.04114,276.91888,272.17212,272.9461,274.71054,271.36722,272.76892,278.96902,291.56836
17,350.0905682738753,350.21814,349.43167,344.078,339.0238,327.84628,321.564,316.18286,315.28247,316.12424,316.32907,317.08078,320.57413,337.5715,348.54733,352.98645,354.38602,354.47324,353.79977,353.20395,350.8352,349.0406,350.491,351.4463,346.6711
18,1192.800652475123,1187.8628,1280.396,1284.2275,1206.8057,1031.596,895.0381,755.2902,718.86334,685.78094,683.23553,684.691,730.12634,858.81,1168.2773,1431.0015,1486.1725,1510.8278,1507.486,1476.0598,1487.1622,1472.4419,1426.1423,1315.7197,1205.9211
20,278.6187816500686,278.72025,278.1159,273.9123,269.9201,260.91562,256.09155,251.63339,250.91687,251.56036,251.74088,252.34796,255.1281,268.2572,277.3907,280.92352,282.03732,282.15573,281.57077,281.09656,279.21143,277.78296,278.93756,279.6977,275.89737
23,1571.4747316744897,1571.1044,1683.0336,1697.1523,1589.1033,1325.7488,1175.0286,994.4295,927.2229,884.3237,885.74725,888.7228,940.71106,1108.6722,1530.2924,1903.3281,1977.6898,2008.1047,1996.5077,1954.9823,1982.5117,1955.0143,1882.4856,1744.3713,1586.393
24,138.75256703710195,138.82341,138.50215,136.51613,134.41183,129.93637,127.54437,125.31567,124.95697,125.29062,125.36734,125.66966,127.0542,133.79088,138.14096,139.90567,140.45502,140.46175,140.22269,139.98656,139.04771,138.33636,138.91129,139.28987,137.39732
25,239.8160437303668,247.6864,254.3176,250.09737,242.34283,227.71933,209.00645,191.32292,182.63608,180.43031,179.81403,179.99709,183.6322,198.72258,217.73228,223.66698,226.16313,226.79012,223.86531,224.88748,224.93475,222.91661,224.0151,229.03882,237.03882
26,251.34744252424184,246.5512,278.01294,279.5298,250.53268,211.85205,190.22902,158.89615,149.68018,143.85722,143.01851,143.34996,153.64189,187.01134,252.53772,312.64322,327.38013,327.02518,329.56906,322.941,329.4229,327.56525,315.11874,288.32724,254.3804
27,1025.4677655474625,1020.6941,1070.1266,1079.2838,1022.9991,906.23535,813.70154,729.81323,706.00757,690.9989,687.9304,688.9245,717.2048,813.1488,1002.8721,1167.7977,1202.2314,1215.841,1211.4883,1182.4203,1200.7883,1196.1332,1171.3896,1110.4412,1033.9912
29,216.6219917649556,216.73256,216.21428,212.9627,209.77432,202.85806,199.13275,195.64418,195.08412,195.60504,195.72482,196.22433,198.35835,208.87567,215.66714,218.42221,219.27986,219.29031,218.91711,218.54839,217.08278,215.97227,216.86975,217.46083,214.50624
30,1962.594230753811,1871.6134,2142.5854,2110.8523,1962.1171,1583.6587,1427.3168,1239.2109,1204.2819,1162.9963,1158.8066,1158.2523,1226.9047,1500.0114,2069.0425,2585.847,2742.0874,2753.3672,2805.4746,2679.453,2723.1982,2719.7825,2598.6035,2333.524,2029.2556
31,359.68450629815976,359.81546,359.0075,353.60876,348.25638,336.8306,330.60294,324.84766,323.92258,324.78732,324.98624,325.77005,329.35916,346.8224,358.0991,362.67365,364.09763,364.25064,363.49545,362.8832,360.44962,358.60553,360.09592,361.07736,356.17142
32,157.41155296159317,157.49188,157.11526,154.75253,152.48701,147.68259,144.68437,142.16771,141.79642,142.13925,142.22629,142.56934,144.13998,151.78261,156.71773,158.71938,159.343,159.38211,159.07936,158.81137,157.74641,156.93942,157.5916,158.02116,155.87408
33,1914.022727682865,1808.2377,2091.3306,2071.0894,1899.021,1552.0559,1383.8689,1176.6887,1144.2479,1102.2273,1090.8119,1104.6918,1166.9994,1432.6167,2019.3778,2545.5583,2690.8235,2738.0686,2760.6584,2643.4487,2695.6877,2684.2976,2534.2183,2274.2405,1958.5636
34,304.383095060378,335.38168,354.71667,348.2041,326.67606,290.5531,250.72461,209.26044,186.85625,179.6374,178.43703,178.22324,182.93036,208.03355,246.41927,262.19528,266.55923,266.25046,259.83334,262.62576,264.37665,260.6912,262.34787,274.1191,300.97876
35,507.6263209637939,507.66742,565.52325,568.15533,518.0839,425.48636,358.9163,285.86752,262.28284,244.3798,241.72989,246.04076,267.52737,334.99124,494.43048,622.8042,653.09674,664.71606,657.53827,641.6873,654.9775,647.82367,628.01373,564.31885,505.1611
3,204.737612736203,203.3438,200.91727,197.50826,190.76973,187.23035,183.97926,183.42204,184.06038,184.00563,184.48608,186.54489,196.36897,203.00763,205.17906,206.21677,206.25809,206.0289,205.40723,204.31488,203.16177,204.00719,204.36763,201.52829,202.27116
4,334.3988703740342,348.72522,347.92725,327.40414,281.84882,246.6112,205.31635,194.36073,187.47803,187.16101,188.57848,200.6564,236.12291,319.4544,392.34106,406.67972,413.5087,409.81668,402.46085,407.3297,402.1293,389.2537,361.7241,328.81973,332.82544
5,170.59395377718366,169.43254,167.41074,164.57024,158.95314,156.00636,153.2974,152.83083,153.36508,153.31935,153.71974,155.43518,163.62105,169.15247,170.96178,171.82645,171.8609,171.66992,171.1519,170.24179,169.28088,169.98532,170.28568,167.91988,168.54109
6,71.53774595022018,71.05073,70.202866,68.99896,66.65721,65.420525,64.29584,64.08982,64.312874,64.29374,64.46165,65.18562,68.61367,70.93327,71.69202,72.05459,72.06904,71.98075,71.77173,71.390045,70.98713,71.28252,71.40847,70.41579,70.67687
7,405.8532180196368,417.7404,430.18796,398.30362,339.95074,309.82196,260.36993,248.91003,239.70586,239.18346,239.22513,256.55557,296.4493,395.29498,485.10596,502.75116,504.7496,506.81152,503.6056,507.01642,507.9887,486.43045,451.8274,407.0565,406.5726
9,105.30037019197565,104.58351,103.33547,101.563385,98.11643,96.296074,94.6445,94.33594,94.66568,94.637505,94.88465,95.94352,100.99624,104.41058,105.527435,106.061134,106.082405,105.98108,105.644775,105.08296,104.48988,104.92468,105.11009,103.649734,104.033226
10,217.7999091252649,230.40416,234.94397,214.0934,175.02655,148.4695,114.56812,107.23822,99.310776,99.79551,100.55044,108.94735,135.48532,205.7229,255.21884,270.57645,274.38074,272.03165,264.0346,273.0138,267.64893,261.4729,235.1552,208.45758,220.67067
11,647.327592867508,668.77844,690.7138,639.9923,532.45953,477.75793,400.47565,378.01465,359.76514,356.99887,361.04727,385.72098,450.40237,630.8976,793.88684,827.45703,834.407,832.2588,819.75696,828.3268,823.1501,795.0933,728.94385,649.4736,651.0152
12,280.1880266671389,290.7239,298.53964,276.1923,235.63538,217.07582,184.25134,178.5951,173.30325,172.46376,173.16925,182.47318,218.43219,282.0785,340.06046,357.4582,357.16217,359.00473,350.20685,355.7974,355.3248,338.97943,311.34375,282.88623,283.68668
13,316.3920012234498,314.23807,310.4882,305.25198,295.16885,289.29684,284.313,283.4519,284.49652,284.35373,285.0962,288.27786,303.45956,313.71863,317.07422,318.67783,318.7418,318.38754,317.42685,315.73868,313.95673,315.26315,315.82022,311.43246,312.58044
14,130.6208802505306,129.7325,128.14983,125.98529,121.70948,119.42138,117.377235,117.01995,117.42899,117.394035,117.700584,119.01409,125.281845,129.51715,130.90254,131.56454,131.59093,131.46527,131.0481,130.35118,129.61551,130.15486,130.38481,128.57336,129.04729
15,174.1611950318102,172.97562,170.91136,167.98044,162.47871,159.26852,156.50299,156.02664,156.57202,156.52539,156.93695,158.68542,167.04242,172.68959,174.53673,175.41942,175.4546,175.28706,174.73085,173.80157,172.82071,173.53983,173.84647,171.43115,172.06314
16,310.74666018657973,313.76562,310.17258,298.65982,278.8793,254.70415,231.52701,218.86543,215.75827,214.98004,215.10217,219.81554,239.7355,263.7453,271.90543,275.12994,276.90314,272.16977,273.63873,274.63208,271.46283,272.4079,279.1397,291.24738,303.93274
17,351.835216099583,349.44232,345.2701,339.4119,327.83185,321.74957,316.1916,315.2003,316.3021,316.20795,317.0394,320.5716,337.45404,348.86234,352.5938,354.3778,354.4481,354.0543,352.98587,351.10892,349.12708,350.57996,351.19934,346.32013,347.59665
18,1214.7632875954123,1249.9199,1272.098,1188.2142,998.6222,892.9573,753.30005,717.0237,683.81165,682.9471,681.7243,729.41254,853.8008,1165.4819,1434.3004,1491.3275,1510.7756,1503.2794,1476.4877,1489.0758,1473.7493,1425.2643,1319.2856,1199.3584,1216.7261
20,280.0072556498219,278.10284,274.80548,270.14838,261.28632,256.06372,251.61723,250.85141,251.7283,251.63573,252.31047,255.12608,268.5621,277.64407,280.61102,282.0307,282.08673,281.81738,280.92307,279.42917,277.852,279.00815,279.50128,275.61804,276.634
23,1601.097064754243,1641.369,1684.4901,1597.3976,1343.0405,1177.943,987.0781,920.5528,884.23444,878.1004,885.67065,939.78906,1110.5349,1533.1273,1906.2328,1977.1451,2009.5165,1997.5138,1957.2239,1981.0802,1956.5063,1884.9253,1736.7448,1585.6439,1598.0692
24,139.44402915099494,138.49472,136.85353,134.49596,130.0904,127.520096,125.30869,124.92625,125.36108,125.32374,125.65101,127.05322,133.74432,138.26581,139.74467,140.44615,140.47963,140.30757,139.90009,139.15616,138.3707,138.94652,139.19203,137.2582,137.76416
25,251.7166811603102,253.8309,250.34406,241.82693,227.18956,209.06668,191.22586,182.47983,180.4134,179.88597,180.00314,183.43863,199.07808,217.88148,223.4624,226.26581,226.65486,224.07841,224.93858,224.93207,222.90402,223.79552,229.0521,237.24263,246.17638
26,253.4438771246656,263.14374,274.18414,247.86505,209.69473,187.163,157.26637,149.47246,143.51132,142.73225,143.84105,154.3539,187.92445,251.07826,314.53522,326.90842,329.89267,326.3422,323.96033,328.9068,326.86194,316.95724,287.9469,254.41711,256.20157
27,1040.8232910185432,1067.1116,1072.4407,1014.70605,906.5004,806.62964,728.9526,704.2867,688.90985,687.352,690.2484,715.1436,816.5068,1002.7447,1165.706,1207.795,1222.3346,1209.3867,1184.9252,1199.726,1197.071,1170.2772,1109.4979,1034.0248,1042.3469
29,217.7015098130898,216.21947,213.6392,210.03633,202.84923,199.0857,195.66316,195.03621,195.71503,195.65678,196.16766,198.37094,208.8031,215.86195,218.1709,219.26604,219.31828,219.04965,218.41354,217.252,216.02585,216.92479,217.30806,214.28893,215.07889
30,1936.727121734074,2069.9495,2127.4688,1957.1417,1595.312,1425.9517,1240.1189,1199.5273,1160.2942,1156.0903,1161.4634,1240.1425,1465.9641,2084.988,2585.182,2727.4565,2755.2712,2790.7612,2666.7036,2735.782,2715.67,2598.3394,2328.5398,2020.5242,1978.4976
31,361.47696473240967,359.01846,354.73184,348.74973,336.81085,330.56686,324.82675,323.8382,324.97012,324.87326,325.72156,329.3566,346.7019,358.4226,362.25632,364.07477,364.1614,363.81384,362.6593,360.73068,358.69467,360.18713,360.8237,355.8106,357.12222
32,158.1960006117249,157.11903,155.2441,152.62599,147.58443,144.64842,142.1565,141.72595,142.24826,142.17686,142.5481,144.13893,151.72978,156.85931,158.53711,159.33891,159.3709,159.19377,158.71342,157.86934,156.97836,157.63158,157.91011,155.71623,156.29022
33,1889.142637490999,2031.0748,2088.7747,1888.532,1526.7062,1380.6427,1179.668,1149.5231,1098.6046,1095.8975,1098.2642,1168.3613,1422.8357,2016.8237,2545.2168,2695.831,2700.3577,2774.9895,2630.2249,2675.7632,2682.0613,2528.6892,2280.8494,1963.9929,1950.1797
34,333.96963387013056,352.85904,347.59637,326.5826,290.62482,250.80469,209.47299,186.8687,179.56166,178.4433,178.08653,182.61748,207.4825,246.61485,262.38742,266.55908,265.95032,260.00797,262.8102,264.7312,260.82333,261.968,272.24805,300.37375,332.35562
35,521.6896268287938,550.5557,565.01636,515.5993,417.78662,349.33,283.69568,262.17892,237.82693,241.43726,244.96172,266.02148,340.53427,490.5172,622.106,653.34015,664.5876,657.3313,639.2387,655.8256,649.3827,628.0252,564.6696,505.333,516.1985
3,204.2610743852476,200.967,198.64027,190.85698,187.32103,183.85718,183.37782,184.11076,184.08931,184.52127,186.53183,196.43593,202.80907,205.39523,206.1511,206.38205,205.82858,205.40578,204.26065,203.11734,204.33945,204.47942,201.63968,202.28096,202.85399
4,375.9321282570734,357.4447,323.76233,284.93835,243.34393,206.61676,195.42168,186.76297,186.54013,187.75974,200.01079,238.87955,319.07095,393.99582,406.13373,413.47928,411.14767,403.08005,405.62415,402.12735,390.9135,361.25806,328.88263,333.05875,377.76874
5,170.19688671984386,167.4521,165.51347,159.02815,156.0731,153.1957,152.79628,153.40466,153.38913,153.74905,155.42429,163.67671,168.98708,171.14192,171.77171,171.96416,171.503,171.15074,170.19658,169.24397,170.26216,170.37888,168.01262,168.54704,169.01056
6,71.37123780825944,70.22024,69.40728,66.74463,65.452194,64.24188,64.086174,64.33048,64.32298,64.473915,65.17643,68.60625,70.8639,71.767525,72.031654,72.11236,71.91894,71.780014,71.37111,70.97161,71.39863,71.447556,70.455284,70.67878,70.87373
7,454.0103393488741,433.08762,401.4036,343.01196,305.25253,260.6401,248.98228,239.61638,238.4517,239.95653,256.0098,295.59042,398.5643,485.36426,502.5727,509.01025,508.5223,501.6271,507.87088,506.7483,485.41287,450.59985,407.16776,408.16843,453.72867
9,105.05527763621288,103.36108,102.16441,98.24509,96.34267,94.56117,94.329544,94.69017,94.680565,94.90273,95.93682,101.030655,104.308464,105.63859,106.02737,106.14614,105.86149,105.636566,105.05507,104.46704,105.09558,105.16759,103.70703,104.03687,104.32301
10,251.9900108247648,235.9944,213.8042,175.426,149.28795,115.89576,108.05102,100.97223,97.12887,100.30329,108.14684,140.25383,203.31462,256.31546,269.65594,275.17517,272.05457,263.9301,273.1198,268.19415,260.66293,235.55946,209.13185,220.67778,254.00772
11,732.8582603463932,687.53217,635.4918,527.1219,475.84616,401.01718,375.99057,358.07028,358.48392,358.55777,382.17212,452.88672,638.4262,791.017,831.0457,833.3594,829.40045,818.3433,825.09106,824.1976,796.7754,731.7562,644.74744,653.34174,728.72754
12,311.8031439703344,298.60782,275.695,237.6748,217.53702,184.69986,178.43317,172.84688,172.40495,173.24127,182.70924,217.75407,282.11658,339.9219,355.66446,357.038,358.57043,350.63937,356.6722,355.10797,338.12927,312.97092,283.08865,284.6084,313.77637
13,315.65558098046904,310.56506,306.96954,294.99283,289.3679,284.1219,283.3835,284.5162,284.4974,285.1506,288.2576,303.56302,313.41165,317.40823,318.57632,318.93326,318.07797,317.42468,315.65503,313.88806,315.77667,315.99304,311.60452,312.59567,313.4812
14,130.3168527782794,128.23145,126.69191,121.8691,119.50923,117.28489,116.99351,117.45935,117.447464,117.72303,119.00576,125.3245,129.39049,131.04037,131.5227,131.67001,131.31688,131.03784,130.31662,129.58722,130.36684,130.45619,128.64438,129.05359,129.41913
15,173.75582501908167,170.95375,168.97447,162.49217,159.28549,156.39914,155.99135,156.61249,156.59665,156.96404,158.67715,167.09933,172.52069,174.72061,175.36362,175.56004,175.0892,174.71722,173.75554,172.7829,173.8225,173.94156,171.52586,172.07144,172.55894
16,324.9702536627782,310.9291,299.18942,279.6254,254.54434,231.4782,218.87875,215.53929,215.03796,215.09128,219.60696,239.27266,263.60294,272.4102,274.92383,276.85214,271.9906,273.56802,274.72562,271.4674,272.71912,278.97473,290.99908,303.7457,322.04785
17,351.0162997732304,345.39914,341.35718,327.98175,321.90527,315.95285,315.24,316.38388,316.35184,317.09412,320.555,337.5691,348.52118,352.96536,354.26422,354.5996,353.70996,352.98355,351.01553,349.05103,351.15088,351.3915,346.51144,347.6136,348.59827
18,1367.1570728276745,1285.1293,1182.5912,997.25775,883.0812,756.2315,719.9758,680.93884,675.27264,683.196,736.57825,853.72125,1166.485,1430.0281,1488.8561,1513.5892,1505.3784,1476.5293,1494.7715,1473.3667,1423.8157,1319.1285,1199.4926,1216.5991,1374.9829
20,279.3555229560602,274.88498,271.65918,261.06906,256.12018,251.45035,250.79466,251.79338,251.76788,252.34622,255.10832,268.65356,277.36978,280.92706,281.9404,282.20718,281.49924,280.90118,279.355,277.79138,279.46268,279.65424,275.7704,276.64746,277.4311
23,1808.182241320481,1719.5227,1567.0717,1341.8197,1170.2146,981.7176,927.4491,882.9026,878.81555,880.9501,942.2495,1111.5026,1538.8878,1899.3767,1972.449,2006.6969,2002.3718,1960.7836,1975.7736,1957.2617,1889.3746,1738.226,1586.886,1601.3273,1814.1172
24,139.1194653016166,136.8759,135.2867,130.00893,127.53367,125.22268,124.90247,125.395355,125.38078,125.674934,127.04431,133.78983,138.13057,139.89198,140.40672,140.54906,140.18707,139.9163,139.11917,138.34053,139.17282,139.26823,137.334,137.77083,138.16113
25,261.89740524508164,250.59428,242.05904,227.3532,209.30298,191.05684,182.5964,180.38722,179.82097,180.06155,183.61469,199.08232,217.38548,223.69817,226.43445,226.7307,224.06825,224.75609,224.93031,222.83855,224.00783,228.70442,236.91318,246.1081,259.82022
26,286.6425159058544,272.25424,248.48154,206.27489,186.97435,157.94276,149.61699,143.57848,142.36296,143.18907,153.85683,185.37558,253.19388,314.32217,328.64383,329.10168,329.5361,322.08298,328.79874,326.77066,316.64786,286.52203,253.95473,256.31537,289.0548
27,1132.1800381471992,1104.1041,1011.6664,891.49963,808.4508,729.0902,704.1918,687.14465,687.6975,690.875,717.4036,814.09595,1004.92633,1165.0388,1203.4388,1218.1956,1217.0758,1178.877,1197.8247,1197.6461,1175.1769,1108.2767,1034.1989,1040.3607,1130.9297
29,217.194797259884,213.69215,211.2181,202.97728,199.18213,195.49895,195.02512,195.76857,195.74582,196.20511,198.34297,208.78043,215.65086,218.40076,219.20453,219.42673,218.86157,218.43875,217.1944,215.97868,217.27814,217.42699,214.40736,215.08931,215.69862
30,2199.671558531093,2131.439,1941.2754,1564.6554,1421.3616,1243.0472,1207.1047,1161.2858,1154.2445,1159.5336,1242.4352,1481.6938,2060.4736,2592.7722,2729.3423,2758.8103,2810.06,2681.229,2724.1274,2720.9448,2603.3096,2339.202,2026.1306,1972.3778,2231.9998
31,360.63560669184346,354.86447,350.71173,337.02853,330.70822,324.61133,323.7649,325.05414,325.02127,325.78375,329.33344,346.81982,358.07217,362.63803,363.97256,364.34155,363.40305,362.63107,360.635,358.61642,360.77393,361.02118,356.00726,357.13956,358.1513
32,157.82779049023452,155.28253,153.48477,147.49641,144.68394,142.06094,141.69176,142.2581,142.2487,142.5753,144.1288,151.78151,156.70583,158.70412,159.28816,159.46663,159.03899,158.71234,157.82751,156.94403,157.88834,157.99652,155.80226,156.29784,156.7406
33,2159.5404475777927,2074.4365,1859.0232,1522.5574,1376.3843,1177.0494,1148.7725,1094.9507,1091.1055,1097.4054,1174.6603,1419.2299,1995.322,2543.2485,2700.3374,2711.7705,2764.5564,2635.3945,2686.444,2677.3718,2545.4192,2270.1177,1963.4902,1952.84,2173.3706
34,361.4221088438794,348.9156,327.10718,291.5332,251.38771,208.95885,186.65033,179.83047,178.5723,178.09866,182.43353,207.98416,245.95107,262.46744,266.42325,266.32504,259.7369,262.18964,264.57388,260.55576,261.47598,271.90076,302.41702,330.41727,357.81375
35,603.6112770712939,573.28394,506.93997,427.0032,358.7215,283.9282,262.66827,244.7926,235.61722,242.23535,266.6927,333.29343,502.02338,621.2419,652.52856,662.13306,658.603,643.3099,655.08966,649.3254,633.50885,563.0102,505.1712,519.1616,610.9624
3,200.7699129880308,197.61096,191.30707,187.07071,183.89973,183.47736,184.05276,184.16606,184.54266,186.58748,196.14284,202.99164,205.5307,206.19545,206.30408,205.84592,205.05592,204.29587,203.19643,204.15746,204.58025,201.62408,202.1733,202.82614,198.8282
4,366.5725563701,334.78622,294.7387,245.50389,208.33214,196.06079,188.02496,187.44197,187.87929,200.16797,237.44862,318.52234,390.74942,403.86325,413.35092,409.0018,402.975,406.6495,402.238,390.27112,361.61798,331.7381,331.21295,376.03085,366.00723
5,167.28793893020213,164.65575,159.40318,155.87326,153.22235,152.87921,153.35866,153.4559,153.76686,155.47069,163.43254,169.13918,171.25487,171.8087,171.89919,171.51741,170.85919,170.22595,169.30984,170.11061,170.4628,167.99971,168.45729,169.00133,165.65982
6,70.15138468128609,69.0476,66.84495,65.41418,64.256744,64.10917,64.32335,64.34982,64.4814,65.195854,68.534645,70.89323,71.81487,72.04715,72.085106,71.92503,71.64899,71.38736,70.999275,71.33502,71.482765,70.449844,70.641754,70.86103,69.46861
7,443.41586321296006,406.377,353.51617,308.99115,262.16907,251.74442,240.88097,238.46791,239.0791,255.71207,294.69257,398.53287,488.46017,501.82336,509.96854,509.77774,501.13263,506.98712,508.1587,483.27386,449.71185,408.83585,408.92816,453.96216,436.4262
9,103.25970826029886,101.63499,98.392784,96.28675,94.583046,94.36583,94.675125,94.721794,94.913734,95.96544,100.87993,104.402374,105.70828,106.05016,106.10607,105.87041,105.4641,105.060844,104.50774,105.001976,105.21944,103.69904,103.9815,104.31727,102.25475
10,245.0629038147649,219.03004,178.074,148.23949,117.05297,108.49647,101.93474,100.42123,100.037155,108.38799,135.67967,201.20898,255.41948,269.26962,275.04657,273.13104,265.20206,271.59167,267.92395,261.29892,234.00592,208.70056,220.82233,254.22688,246.62111
11,715.4393673981184,652.77673,579.15265,482.23212,402.37387,379.55444,360.6853,356.17963,362.5595,378.85397,453.60092,632.2452,795.5304,828.0906,836.2954,832.83844,817.54156,826.18866,823.3111,796.42236,731.2379,651.37256,649.24384,727.1572,698.7903
12,304.9490727304838,280.17868,241.50703,220.30652,186.07668,178.93307,173.663,172.59302,173.19527,183.2176,216.51627,282.69174,340.21738,356.06912,356.07718,361.26172,349.70734,355.8001,354.86685,338.29977,312.36313,282.09912,284.30826,312.8437,304.18512
13,310.2605022438487,305.37875,295.63702,289.11804,284.19876,283.64786,284.42657,284.60162,285.1299,288.34366,303.1101,313.69388,317.61758,318.64493,318.8127,318.10477,316.88397,315.70944,314.01047,315.49542,316.1488,311.58057,312.42923,313.43814,307.2599
14,128.0895210793956,126.08565,122.05185,119.439835,117.32649,117.04317,117.424126,117.49857,117.736694,119.04126,125.13752,129.50697,131.12694,131.55095,131.6203,131.32797,130.82394,130.32365,129.63765,130.25075,130.52045,128.63449,128.98486,129.4014,126.85073
15,170.7860490562661,168.09892,162.73647,159.25317,156.44012,156.07603,156.56554,156.66476,156.9823,158.7217,166.8528,172.67595,174.83589,175.40134,175.49373,175.104,174.43196,173.765,172.85023,173.66766,174.02731,171.51266,171.97986,172.53522,169.13434
16,316.14159031378665,298.984,279.33698,255.55624,231.5302,218.89317,215.70534,215.0782,215.0743,219.369,239.25858,263.2653,271.9848,275.01086,276.83878,272.0156,273.5455,274.6573,271.55527,272.04977,279.12885,291.41534,303.55725,321.89447,310.0615
17,345.0168475562557,339.61942,328.75525,321.47516,316.02588,315.30014,316.34216,316.48956,317.13086,320.6447,337.07123,348.83493,353.19827,354.3405,354.52716,353.67838,352.38214,351.07623,349.1867,350.83838,351.56473,346.4847,347.42853,348.5504,341.68
18,1333.5661712689744,1221.1221,1050.949,923.6572,759.7209,723.5851,684.5931,679.16284,680.05817,729.2484,852.08325,1161.6842,1433.0795,1479.9478,1510.8938,1506.7909,1476.6937,1488.1208,1479.7783,1429.3557,1321.9916,1201.8966,1215.1592,1365.7393,1324.1227
20,274.58087256915337,270.28522,261.6301,255.8697,251.52097,250.9309,251.71777,251.87746,252.38791,255.18079,268.2527,277.6194,281.09198,282.09543,282.1496,281.47406,280.44247,279.37024,277.8995,279.2139,279.79202,275.74918,276.5003,277.3931,271.9253
23,1763.4123139335743,1600.0996,1400.6185,1181.6143,998.89514,931.1053,893.0058,881.4379,884.1784,946.6095,1112.352,1544.1035,1902.6127,1974.089,2010.9076,1991.2412,1959.4703,1976.0577,1954.3257,1889.7501,1742.0225,1578.898,1598.5571,1808.6603,1763.2784
24,136.74168231812746,134.59015,130.29225,127.42456,125.25544,124.96398,125.371796,125.433014,125.68956,127.08219,133.59029,138.2548,139.9842,140.437,140.51093,140.1923,139.66083,139.15092,138.39433,139.04892,139.33685,137.3235,137.6975,138.14212,135.41922
25,255.0625239322661,242.26015,227.78963,208.86766,191.20363,182.62123,180.3872,179.73969,180.05898,183.31558,198.75899,217.84474,223.62712,226.3336,226.94221,224.03018,224.7295,225.4805,222.96582,223.86064,228.69826,237.09332,245.91484,259.84778,249.54752
26,279.970246255173,256.3394,224.96663,189.71727,158.82634,151.4791,144.30498,142.33846,143.29408,154.16743,187.48228,252.22491,313.77942,326.5646,328.60223,329.19724,323.18338,326.48407,327.69455,315.49774,287.0144,254.53706,255.3194,288.9343,274.4782
27,1106.5395543258091,1026.8525,925.09515,838.7079,732.66815,705.42896,691.1368,688.5041,689.5185,714.515,812.99304,1008.17395,1167.3373,1202.7441,1221.2401,1211.8538,1181.1006,1199.7642,1197.5214,1171.1036,1111.9711,1031.1991,1042.5057,1130.1887,1093.2305
29,213.4825770331367,210.1236,203.42058,198.93497,195.54419,195.09508,195.74689,195.82738,196.22786,198.40211,208.56258,215.7401,218.5449,219.25166,219.36719,218.86977,218.04,217.24387,216.06284,217.08463,217.53421,214.3909,214.97478,215.669,211.4179
30,2155.554163954473,1945.3917,1631.2998,1434.7461,1242.3796,1198.5431,1161.4453,1153.5347,1156.7087,1231.1885,1469.996,2056.3267,2586.1946,2736.0862,2750.9153,2807.7703,2686.6902,2729.92,2719.346,2602.8894,2321.5276,2006.5426,1980.9213,2219.6575,2141.5073
31,354.471744525086,348.9264,337.76462,330.31662,324.66782,323.9407,324.95657,325.16266,325.82166,329.4318,346.3024,358.39438,362.8774,364.05087,364.2427,363.41678,362.03885,360.6547,358.756,360.45276,361.1991,355.97995,356.94946,358.10208,351.04352
32,155.13025112192437,152.68938,147.81851,144.55902,142.09938,141.82393,142.21329,142.30081,142.56496,144.17183,151.55505,156.84694,158.80879,159.32246,159.40636,159.05238,158.44199,157.85472,157.00523,157.74771,158.0744,155.79028,156.21461,156.71907,153.62994
33,2115.6210021910456,1887.5032,1579.9475,1391.4786,1190.4075,1146.809,1095.0106,1090.711,1093.6381,1165.3679,1410.1176,2014.183,2544.6606,2684.0654,2718.1138,2754.083,2634.499,2687.526,2678.1912,2526.234,2290.87,1946.3912,1949.8591,2158.3054,2100.0764
34,349.0605571849957,327.07968,292.17236,251.08144,209.36113,185.51231,179.59842,178.52423,178.18651,182.87706,208.40778,245.68294,262.97598,266.24484,266.4247,259.5634,262.53424,264.59152,260.73618,261.53265,272.1516,302.7976,332.15222,357.64346,347.37408
35,587.2814646212938,526.81226,435.3373,351.99203,284.3136,263.16937,245.02513,241.43991,242.0932,269.50302,335.11548,490.68613,623.3998,656.51416,663.18353,656.8366,647.19574,656.64905,646.93933,629.3295,565.85004,505.3626,517.1364,614.23315,592.28394
3,197.558458883766,191.3071,187.35693,183.93822,183.57394,184.13123,184.13925,184.54541,186.2078,196.28249,202.69844,205.71791,206.02184,206.34297,205.86589,205.1083,204.33559,203.19579,204.22235,204.59547,201.63916,202.18121,202.8088,198.75887,196.47963
4,334.9628921879732,288.78214,254.41734,208.48215,196.45187,187.55461,187.90138,187.63676,201.21295,235.30733,317.71564,393.1604,406.23782,412.52875,411.41534,403.38513,406.51535,403.67395,390.6688,362.74506,330.77008,335.15182,377.08405,364.9508,333.83026
5,164.6120522394338,159.40323,156.1118,153.26318,152.96393,153.42407,153.43073,153.7433,155.15427,163.54886,168.89482,171.41081,171.66406,171.93163,171.53407,170.90285,170.25897,169.30934,170.16466,170.47556,168.0122,168.46391,168.98682,165.61227,163.70294
6,69.02926459415927,66.84498,65.46472,64.261894,64.14291,64.33764,64.342735,64.48236,65.06321,68.58342,70.82525,71.85636,71.98649,72.09867,71.93199,71.66731,71.397285,70.999176,71.35773,71.48807,70.4551,70.64452,70.86379,69.448105,68.648026
7,406.2566497160807,351.4893,305.5609,262.4356,249.67699,241.48671,239.57024,238.54047,255.79243,296.71317,396.40454,487.48782,499.80347,508.63174,508.7676,502.44376,507.0386,506.0679,484.7537,451.43753,409.15167,407.19543,454.4328,435.42526,403.47427
9,101.60799755841953,98.392784,96.36116,94.59067,94.41549,94.70213,94.71469,94.899185,95.77014,100.95174,104.25158,105.80455,105.960884,106.12603,105.88067,105.49104,105.09362,104.500824,105.03536,105.22726,103.70677,103.98559,104.30835,102.225395,101.046875
10,220.11251556726484,185.39604,153.7592,121.28928,110.814575,102.140495,100.486176,101.30408,108.1292,137.65631,203.86465,257.70642,269.39746,273.52704,273.23215,264.41217,271.77832,269.08383,260.42447,233.83453,208.61829,221.0434,254.39261,247.53041,217.81168
11,650.8011899166936,566.91376,476.31592,403.1497,374.9977,361.35672,358.27267,358.68704,383.9871,450.98962,632.3306,796.78644,827.95844,834.8009,831.82526,817.65094,825.593,822.70013,796.21094,731.8485,650.03186,649.2818,734.39087,697.80493,647.19214
12,280.2810326646272,247.35686,218.56035,187.849,179.54523,173.25087,173.04543,173.09264,182.35999,218.20332,282.6851,341.2585,356.78354,356.11142,358.97162,350.06064,355.64944,354.98798,338.2392,312.50745,282.94528,283.06494,312.8995,304.75757,278.56534
13,305.2976701715867,295.63702,289.53275,284.27728,283.71976,284.55762,284.5602,285.18784,287.73505,303.32578,313.24072,317.90692,318.3766,318.87286,318.13553,316.96497,315.77078,314.00937,315.5958,316.17224,311.60376,312.4416,313.41132,307.1527,303.63058
14,126.04064028813757,122.072876,119.517715,117.33591,117.118645,117.47055,117.47931,117.71862,118.79901,125.226585,129.31992,131.24629,131.44025,131.6451,131.34076,130.85738,130.36436,129.62901,130.29218,130.5302,128.64406,128.98993,129.3903,126.80646,125.35237
15,168.05420766613906,162.73651,159.37624,156.44789,156.17647,156.63228,156.63911,156.95816,158.39871,166.9688,172.4294,174.99512,175.25368,175.52681,175.12097,174.47656,173.81923,172.83876,173.72295,174.04027,171.52545,171.98657,172.52048,169.07533,167.13657
16,302.67173813708075,279.69547,254.51408,232.04933,218.91463,215.65002,215.09961,215.0782,219.28244,239.23477,263.81204,271.656,275.30756,277.04675,271.9976,273.08212,274.6296,271.5527,272.47205,279.09204,291.2101,304.1318,321.87158,310.9415,298.6602
17,339.4980636177924,328.81067,321.96704,316.0921,315.46606,316.4238,316.39813,317.0823,319.99222,337.3053,348.3367,353.51987,354.04224,354.59393,353.7741,352.41095,351.14432,349.18573,350.94974,351.59103,346.51053,347.44214,348.52063,341.5609,337.64417
18,1217.841980494436,1071.0208,935.25885,760.0903,721.7088,687.6785,677.14655,681.499,727.7721,849.9896,1164.1842,1431.3914,1486.2601,1505.0195,1503.156,1477.5247,1489.4453,1479.3602,1429.4269,1320.2275,1199.3562,1214.7617,1372.9755,1319.7725,1214.6067
20,270.1887609372807,261.68317,256.22763,251.58571,251.07893,251.82516,251.83612,252.3492,254.66518,268.4392,277.21835,281.34793,281.76376,282.20306,281.55038,280.46545,279.4573,277.8811,279.30258,279.81296,275.7696,276.5111,277.36942,271.8305,268.71335
23,1607.0373001017017,1382.1001,1222.4631,996.741,933.34485,887.8476,880.14606,884.1908,952.0105,1110.9309,1536.1316,1908.2346,1978.2506,1998.816,1995.759,1956.5576,1971.38,1954.6863,1888.6234,1750.1772,1583.4377,1604.8419,1813.311,1751.447,1586.8147
24,134.55440420275167,130.29674,127.60173,125.267586,125.04432,125.40932,125.42425,125.69135,126.82364,133.68536,138.05518,140.11168,140.31871,140.53745,140.21245,139.67487,139.17026,138.39426,139.09306,139.34729,137.3337,137.70293,138.13034,135.37195,133.81969
25,244.9225639546391,227.76346,208.57877,191.45679,182.78471,180.57352,179.75923,179.98895,183.48509,198.78574,217.74948,223.95035,226.48225,226.88528,223.97034,224.75029,225.20541,223.01663,223.91644,228.47685,236.86055,245.69447,259.66666,250.29086,242.23392
26,254.8081807170981,220.12628,187.39565,159.0086,150.0903,144.49333,143.11656,143.26923,153.21577,188.76111,254.66508,313.97906,328.8374,328.4802,328.8727,322.41556,329.2277,326.07455,316.42673,287.21967,255.53424,255.90926,289.07642,275.8834,252.9976
27,1031.8231858271863,907.41797,815.6852,733.08325,708.5334,691.6871,691.01215,688.59644,713.40027,820.1068,1004.2661,1170.24,1202.9302,1217.455,1210.6172,1183.3203,1195.6686,1195.479,1170.1354,1112.222,1035.5311,1039.9692,1131.8029,1092.8195,1016.06464
29,210.0677750441407,203.4206,199.22029,195.60417,195.19775,195.79039,195.80586,196.23074,197.99837,208.71098,215.53325,218.67113,219.06712,219.40852,218.90125,218.0619,217.27403,216.06258,217.15369,217.55037,214.40686,214.98328,215.65054,211.34421,208.9207
30,1955.458904602211,1641.3818,1463.9894,1252.0995,1199.9047,1163.822,1154.1727,1155.6036,1247.3461,1465.9476,2079.621,2592.635,2732.592,2742.3406,2797.3433,2672.8591,2723.442,2713.412,2598.712,2339.8113,2013.6654,1960.8433,2214.323,2144.5657,1948.5652
31,348.80172294735667,337.8215,330.7903,324.78604,324.1202,325.0952,325.10925,325.7716,328.7615,346.54898,357.87665,363.20773,363.74457,364.31134,363.46902,362.07544,360.76703,358.73224,360.56735,361.22607,356.0065,356.96356,358.07153,350.92105,346.89703
32,152.64883508579334,147.81851,144.76637,142.13864,141.85988,142.27881,142.2801,142.59392,143.86752,151.66289,156.62036,158.95346,159.1883,159.43643,159.06776,158.48248,157.88539,157.00468,157.7979,158.08612,155.80188,156.2208,156.70566,153.57635,151.81529
33,1911.80620538205,1616.13,1385.0415,1193.6458,1151.0831,1096.2317,1089.8596,1094.5376,1166.7932,1398.9954,2037.1309,2541.0393,2697.7598,2701.0476,2772.1113,2630.5176,2678.5415,2685.1548,2537.6118,2283.7498,1965.204,1959.9875,2168.8843,2104.5195,1915.9785
34,327.58775480373754,289.20767,249.10074,207.93094,185.99757,179.81992,178.54105,178.20702,183.69897,208.2888,245.80905,262.16617,266.33948,266.32077,259.62994,262.07016,264.8837,261.42722,261.9505,272.66708,299.87958,332.28925,357.29767,347.0957,319.52542
35,527.449352808794,437.82773,369.2898,291.6938,267.68878,245.86603,243.33607,243.22226,265.38422,327.8727,494.073,629.95654,656.9632,660.6524,658.88934,641.11395,659.2601,647.5232,631.305,563.6606,500.92764,519.22144,610.904,591.454,521.57086
3,191.18734832207943,187.34091,184.05229,183.56374,184.15044,184.16753,184.49402,186.3488,195.44298,202.86511,205.57146,206.15909,206.20723,205.91806,205.11658,204.39182,203.19249,204.3189,204.4135,201.34418,202.21222,202.85355,198.731,196.46202,189.32262
4,289.0665744848023,249.39502,207.06674,196.08052,188.17108,186.91164,188.25996,201.64413,233.45094,317.30225,393.54422,407.25867,412.26685,410.49075,403.2473,406.43607,402.07336,390.8682,360.953,331.20908,334.6657,377.6573,366.05298,332.3869,287.6165
5,159.30343832065142,156.0985,153.35826,152.95119,153.44493,153.4543,153.72633,155.28131,162.8494,169.03374,171.28874,171.7784,171.81848,171.57758,170.90971,170.30588,169.30646,170.24512,170.32396,167.76643,168.4897,169.02411,165.58907,163.6985,157.73898
6,66.80312313098834,65.45913,64.31005,64.12304,64.344345,64.35031,64.46669,65.11247,68.29011,70.88348,71.82911,72.02156,72.05126,71.95019,71.67016,71.41697,70.99784,71.38624,71.4245,70.352005,70.65534,70.87944,69.438965,68.645584,66.14708
7,352.1952608875136,311.24142,263.05984,250.67146,240.66794,239.52448,240.2046,254.16649,297.90482,395.1414,489.7023,501.40204,507.7351,508.37088,501.83688,506.8126,507.22977,483.7301,451.70135,407.0422,411.23068,455.3186,435.1674,404.34738,348.81174
9,98.3312166498524,96.35293,94.661545,94.38625,94.71199,94.7208,94.88894,95.84854,100.519966,104.33733,105.72924,106.031425,106.05625,105.90749,105.495285,105.122536,104.50567,105.07751,105.13367,103.55503,104.0015,104.33137,102.21105,101.04409,97.36556
10,184.3440263712648,151.07803,118.78321,109.682205,103.15968,100.922676,100.73262,110.88676,137.39363,204.10036,258.33817,269.71268,275.99014,271.88858,265.93967,272.76346,269.17444,261.47418,235.46475,209.2441,221.53143,255.4764,248.61357,219.65532,180.3658
11,557.4126782323349,476.2373,405.83044,378.10776,359.4487,358.8033,360.2944,382.04572,452.1514,639.9931,798.5335,831.9648,834.3963,832.12897,818.9603,825.18805,823.6888,795.07385,728.39813,653.0584,649.80615,735.79767,704.8505,647.14606,549.38055
12,244.3291221836536,218.0053,188.25673,181.42699,173.70888,172.21404,173.46095,182.40698,217.99037,281.04617,343.39474,357.19534,356.6231,358.37018,350.70975,356.78552,355.5651,339.12244,314.99527,282.83286,283.747,314.9939,304.3217,278.39185,242.06042
13,295.45205170564753,289.50797,284.42587,283.69543,284.62857,284.6355,285.10843,287.9748,302.29712,313.49832,317.68057,318.58865,318.66312,318.21622,316.97763,315.85776,314.00418,315.745,315.8912,311.14783,312.48932,313.4806,307.1096,303.60327,292.5705
14,121.97592516999651,119.52868,117.43496,117.08236,117.486435,117.49444,117.70563,118.89624,124.69102,129.42625,131.15288,131.52777,131.55846,131.37401,130.86266,130.40025,129.63507,130.34439,130.41412,128.45584,129.00967,129.41887,126.78869,125.3411,120.78626
15,162.63458684379026,159.36266,156.5651,156.10982,156.67671,156.66315,156.94089,158.52832,166.25475,172.56836,174.87335,175.37036,175.41138,175.16534,174.48352,173.86708,172.8468,173.79254,173.88556,171.27457,172.01295,172.55849,169.05164,167.12152,161.04837
16,281.3280500369627,255.557,231.46437,218.87566,216.08401,215.00002,215.09961,219.461,240.00403,263.3987,271.6557,276.01422,276.86664,272.07672,273.1547,274.72128,271.42694,272.552,278.88583,292.17307,303.99805,321.92053,309.56723,298.55862,277.8426
17,328.5495083850345,321.95782,316.28815,315.44855,316.45673,316.4861,317.03915,320.25424,335.86273,348.61746,353.27396,354.278,354.36078,353.86368,352.48633,351.17966,349.1799,351.11572,351.27826,346.00372,347.49533,348.5975,341.51297,337.6138,325.34503
18,1050.0237284860368,901.05707,759.3536,723.0376,690.4074,679.7255,679.44226,732.98895,849.82465,1168.684,1437.5746,1487.2877,1514.1719,1501.465,1471.0939,1489.594,1481.1592,1424.112,1321.9122,1214.858,1212.9061,1369.5255,1326.4071,1207.8903,1034.8308
20,261.47537818372666,256.2293,251.70816,251.07079,251.92522,251.8748,252.3213,254.87363,267.29565,277.4447,281.14767,281.95123,282.01718,281.59375,280.52554,279.4856,277.89398,279.4146,279.56412,275.36624,276.55334,277.4306,271.7924,268.68918,258.92508
23,1380.689556468148,1179.8656,984.83014,935.89294,886.89374,877.649,881.677,951.5746,1114.5984,1545.176,1906.0162,1973.7878,2015.1931,1988.9442,1955.0087,1978.7513,1958.7001,1887.0431,1743.6381,1588.2919,1601.8534,1819.1696,1760.0305,1586.8134,1362.8911
24,130.2151266512804,127.59536,125.35098,124.987236,125.44486,125.43403,125.66587,126.919685,133.11366,138.1687,140.01198,140.41217,140.44496,140.24805,139.70207,139.18687,138.39163,139.1487,139.2233,137.1328,137.724,138.16083,135.35301,133.80763,128.9451
25,228.6806481522903,208.00282,191.47162,182.5214,180.5583,179.92873,180.01326,183.34308,198.70815,218.23303,224.02,226.49005,226.90651,224.17776,224.62521,224.98724,223.04999,223.88023,228.48611,236.64696,245.81,259.4589,249.95822,242.42366,225.47443
26,218.4475712219497,187.63362,160.57777,150.98601,144.09729,143.41444,143.81966,151.8257,187.30655,251.66402,316.41138,327.92737,329.11325,329.10403,321.67288,328.3876,325.7897,317.00867,288.56628,254.7338,257.33786,288.4366,276.79477,254.55441,216.63931
27,920.8878402329352,819.0776,733.4665,708.1751,692.4406,691.4001,691.01215,716.48846,816.7709,1013.75555,1172.2977,1199.3656,1217.529,1214.084,1181.6423,1202.4235,1197.2985,1172.7246,1114.1519,1036.781,1042.2407,1134.0979,1099.5072,1011.3029,909.92914
29,203.2932485175841,199.2033,195.7064,195.20381,195.81078,195.82898,196.18306,198.14835,207.8184,215.71045,218.58823,219.17389,219.26418,218.95673,218.10446,217.30006,216.05853,217.2404,217.35695,214.09319,215.01622,215.69817,211.31454,208.90193,201.31049
30,1667.601787256272,1462.362,1270.893,1218.9116,1162.5809,1160.4283,1159.673,1245.042,1477.8672,2075.469,2603.189,2739.48,2744.4116,2807.4265,2668.4429,2722.536,2715.867,2609.7837,2351.1406,2023.1774,1995.2048,2226.3237,2146.4343,1948.9547,1651.762
31,337.5531317528292,330.78076,324.95578,324.12125,325.13943,325.15927,325.73563,329.0306,345.06693,358.17102,362.94922,363.98663,364.07172,363.56113,362.1459,360.81046,358.7488,360.71185,360.90488,355.4857,357.01822,358.1506,350.87195,346.86588,334.26086
32,147.72602585282377,144.75398,142.21294,141.84772,142.31429,142.31775,142.55421,143.9874,151.14856,156.74916,158.84029,159.29433,159.33156,159.10811,158.48882,157.92888,157.00209,157.8725,157.9456,155.57391,156.24466,156.7403,153.5548,151.80164,146.28525
33,1619.466167895493,1415.5057,1219.4156,1159.6696,1111.2563,1086.3894,1093.1981,1175.133,1403.505,2041.4948,2556.874,2701.6953,2708.2378,2779.1455,2649.2217,2678.112,2671.3125,2546.5935,2297.1746,1973.0399,1962.9004,2173.8362,2108.1072,1924.0498,1615.1648
34,295.14722379759644,250.724,208.1057,185.9905,179.98378,178.2405,178.17874,182.77278,209.73509,245.4988,261.70883,266.35773,266.46365,259.8084,262.44833,264.88275,262.10294,261.76822,272.0238,300.21817,328.22183,357.3365,347.29868,320.25363,291.14688
35,441.7064526687939,371.11798,285.80728,264.73718,246.06691,242.965,243.69604,266.219,332.3067,495.38812,625.13727,662.92346,660.49536,656.62976,643.7799,656.53955,648.44946,629.1417,565.3604,502.67526,519.443,620.5436,595.6276,526.06104,434.40408
3,187.4475582200163,184.26953,183.75636,184.18556,184.16203,184.5039,186.5825,196.82733,202.71094,205.71529,206.2518,206.41772,205.92894,205.04044,204.51588,203.18173,204.36394,204.57552,201.65215,202.22809,202.88539,198.79712,196.58926,189.05101,185.47899
4,248.44220833463208,206.58505,195.13184,188.91257,187.72581,186.91164,201.13972,234.99051,316.70615,395.01083,405.92612,413.67307,409.91898,403.07544,406.44156,402.68387,389.95688,362.17715,330.68582,333.9444,377.5665,365.5306,333.44626,286.1549,247.65251
5,156.187325109789,153.53937,153.1117,153.46928,153.44443,153.73459,155.46657,164.0123,168.90529,171.40863,171.85567,171.9939,171.58658,170.84622,170.40921,169.29758,170.28256,170.45891,168.02309,168.50296,169.0506,165.64417,163.8045,157.52335,154.5354
6,65.49639619081807,64.38597,64.20667,64.35321,64.34839,64.46785,65.21138,68.77377,70.829636,71.87935,72.06682,72.08634,71.95402,71.64354,71.46028,70.994125,71.40717,71.48234,70.45965,70.660866,70.890564,69.462074,68.69061,66.05607,64.803665
7,306.76686572467986,260.64835,248.85402,239.70029,238.63849,239.6377,254.04492,295.17422,394.86118,487.25406,503.12387,509.6448,509.45248,500.68222,508.19583,507.22238,483.75873,452.26593,408.42072,407.09314,453.37997,434.88098,402.5023,347.44006,306.2485
9,96.40777289701867,94.773254,94.50936,94.72505,94.71794,94.893814,95.95999,101.237785,104.258026,105.80322,106.07916,106.164444,105.91311,105.45608,105.18636,104.50015,105.10819,105.20932,103.71346,104.00967,104.347755,102.24507,101.109505,97.232445,95.388115
10,151.27513227126488,117.93431,109.310844,102.197914,100.48525,100.922676,109.03169,138.09439,202.61964,260.4569,270.7335,274.88037,272.93823,265.2856,272.65137,268.6201,262.086,235.83824,210.34941,221.73434,253.69917,246.95041,217.60579,181.96654,147.84221
11,478.4138320413048,401.58633,372.64813,360.96103,357.6042,360.44568,381.91232,445.28027,639.1004,796.707,829.84534,836.1704,834.80865,817.20135,825.42316,824.34674,795.7698,732.5508,652.61536,652.91187,732.41614,699.426,645.01733,548.1108,478.4282
12,215.29495403025285,186.43112,179.48569,173.00114,172.71442,172.75679,182.97935,216.32663,280.88766,343.47247,358.6684,356.02393,358.82,350.0896,355.32352,356.6434,337.64294,313.32175,284.07852,283.70456,313.7962,304.23383,279.47336,241.41333,215.55876
13,289.67275371181984,284.7616,283.96863,284.69678,284.6376,285.18234,288.33597,304.1677,313.32498,317.90283,318.73187,318.9883,318.23303,316.86,316.04944,313.9876,315.81458,316.1415,311.62387,312.51385,313.52966,307.21185,303.7999,292.15057,286.6306
14,119.5899704421121,117.563866,117.24644,117.50263,117.49382,117.70905,119.03808,125.58138,129.32788,131.2446,131.58691,131.69276,131.38089,130.81406,130.47948,129.62822,130.38245,130.50787,128.65237,129.01982,129.43916,126.830894,125.42229,120.61293,118.334045
15,159.45331348302943,156.74995,156.3134,156.6702,156.68169,156.94931,158.71747,167.44188,172.43727,174.99286,175.4521,175.59036,175.17464,174.4188,173.97256,172.83768,173.84334,174.01056,171.53659,172.02647,172.58562,169.10786,167.22978,160.81728,157.77876
16,255.5592375681617,230.87636,218.72314,215.69157,215.09549,215.06247,219.60365,239.80945,263.04483,271.4571,276.0353,276.3407,271.9985,273.14062,274.80386,271.5393,272.75742,278.97607,290.55927,303.84128,321.8644,310.3975,298.978,278.11374,252.42247
17,322.1227954760498,316.66544,315.7796,316.51715,316.47662,317.0642,320.9346,338.26117,348.35254,353.51538,354.44308,354.72244,353.88254,352.35544,351.45422,349.13034,351.1931,351.55676,346.53293,347.52274,348.6522,341.62668,337.83246,324.87823,318.7398
18,902.7201189280822,748.34894,722.13477,688.79736,681.7816,681.5369,720.7521,851.3052,1186.8933,1438.287,1489.1906,1508.5349,1508.6978,1476.3141,1491.7098,1478.9951,1428.5936,1325.4159,1208.3673,1222.6625,1370.9249,1320.7803,1210.8396,1036.147,898.03613
20,256.3606933479007,252.01749,251.30347,251.957,251.92221,252.33485,255.17763,269.20425,277.23557,281.35916,282.07812,282.30493,281.63657,280.35767,279.70407,277.85468,279.49606,279.76508,275.78757,276.57513,277.474,271.8829,268.8633,258.55353,253.66846
23,1181.5268199323218,976.4851,952.85333,883.32336,880.2961,880.0452,942.19586,1109.0851,1536.1252,1910.3428,1965.3738,2009.3977,2007.9222,1952.2091,1970.5951,1959.7744,1887.2906,1737.1547,1585.865,1603.4811,1814.6907,1751.0431,1593.0051,1365.5854,1171.7089
24,127.66800600724602,125.503494,125.14947,125.439735,125.44884,125.66315,127.08787,134.0564,138.0637,140.10991,140.47533,140.58833,140.25542,139.6503,139.29305,138.38786,139.18951,139.33603,137.3426,137.73485,138.18251,135.39806,133.89432,128.76009,126.32726
25,209.60949724152945,190.52959,182.7982,180.49556,179.81442,179.92873,183.2081,198.62918,218.37367,223.89359,226.65749,226.98523,224.20001,224.7993,225.23521,223.01799,223.96338,228.8723,236.68562,245.99301,259.30243,251.11421,241.91649,225.54889,206.97586
26,188.1775590600625,158.04088,149.04692,142.95094,142.65465,143.48262,152.85976,188.65602,251.43007,315.55173,330.54227,329.9746,327.75803,322.8058,327.9265,325.43546,317.37445,289.09412,255.29768,256.35086,288.55127,275.96124,253.26491,218.35814,187.1977
27,825.9275917979745,728.3999,703.7196,693.79504,690.5829,691.6514,717.5511,822.17096,1003.51624,1173.965,1206.0969,1216.7637,1216.2462,1181.5886,1196.9763,1197.7124,1174.6938,1113.5016,1036.7734,1043.414,1132.6715,1096.611,1012.7272,908.6226,827.68
29,199.3166565239468,195.93744,195.39178,195.89284,195.82306,196.18665,198.44926,209.29033,215.54655,218.74112,219.3116,219.37099,218.96825,218.02344,217.46577,216.0526,217.30417,217.53279,214.4207,215.03308,215.73203,211.38486,209.03717,201.0216,197.22346
30,1455.078883822444,1246.5149,1203.0225,1168.1515,1153.2906,1156.4104,1243.1577,1471.0206,2069.175,2605.8801,2751.8447,2737.5676,2790.9092,2665.838,2728.559,2708.538,2607.3438,2341.5625,2018.498,1972.8911,2235.6924,2130.1814,1952.1211,1644.4924,1466.5819
31,330.9503001736024,325.34335,324.43335,325.26532,325.13837,325.75314,329.423,347.53082,357.89893,363.20312,364.15045,364.44327,363.58038,362.01163,361.08548,358.7392,360.81717,361.16425,356.02945,357.04633,358.20676,350.98877,347.0906,333.78125,327.4747
32,144.83637685590992,142.3808,141.98431,142.34839,142.3188,142.59117,144.16798,152.08385,156.66249,158.95142,159.36594,159.49416,159.11652,158.43,158.02472,156.9938,157.90729,158.07076,155.81194,156.25693,156.76483,153.60593,151.89995,146.07529,143.3153
33,1401.6890482418562,1183.4644,1138.8193,1097.2521,1094.7382,1089.1259,1165.5873,1400.948,2098.235,2552.2136,2733.2578,2695.4417,2774.365,2628.0786,2688.5361,2668.7769,2550.3115,2271.0706,1963.0288,1946.2068,2171.8127,2098.5762,1925.7233,1624.9009,1410.4595
34,251.0983647897121,206.88097,185.58601,179.62245,177.7863,178.02693,183.20825,208.80919,245.85092,261.80328,266.6155,266.41956,259.39987,262.77057,264.8587,261.91098,261.69012,272.4974,299.79224,332.93265,357.91013,348.61588,319.96582,291.36017,250.83376
35,363.3515441187939,283.08972,266.86813,246.21161,244.08803,243.71971,266.0167,331.169,502.3801,632.3883,653.8106,663.4816,660.0215,642.43915,653.98224,649.6483,630.3367,568.4976,506.21112,521.3672,611.933,593.5741,524.42096,437.04956,363.86432
3,183.38662270752667,183.4861,184.17215,184.07114,184.59421,186.42163,196.64389,202.98132,205.7799,206.25209,206.34447,206.21603,205.20523,204.52731,203.56206,204.23618,204.731,201.57909,202.12756,202.80434,198.9945,196.59239,189.21907,185.44823,185.76395
4,213.33705112574907,195.4839,187.76689,187.81259,188.3479,201.09807,233.78436,318.3479,393.03244,406.81305,413.0552,412.90854,403.9106,405.9843,403.1839,391.67795,361.87897,331.52542,334.4054,377.40164,365.7212,331.82617,287.34552,247.40665,211.98784
5,152.80362322984962,152.88657,153.45813,153.37396,153.81667,155.33249,163.85002,169.11772,171.46239,171.85579,171.93283,171.82582,170.98354,170.41869,169.61441,170.1762,170.58841,167.96214,168.4192,168.98311,165.80858,163.80714,157.66339,154.52144,154.77817
6,64.07745724193515,64.112236,64.35194,64.31587,64.49941,65.13795,68.66861,70.92409,71.901955,72.06689,72.09919,71.972984,71.701126,71.46425,71.12698,71.36256,71.535446,70.4249,70.625786,70.86223,69.53105,68.69171,66.115364,64.79721,64.90548
7,268.1885867376582,250.93115,240.9994,239.40533,239.16223,254.92589,295.6764,400.60312,488.8043,503.93033,509.71878,509.64758,499.64746,508.85623,507.0819,483.23172,451.5009,409.70007,407.5023,455.14075,434.71243,401.03122,348.51447,306.44775,270.3253
9,94.31915807399704,94.370316,94.72316,94.67009,94.940216,95.88012,101.09046,104.38914,105.83645,106.0793,106.12682,106.06074,105.540886,105.192184,104.69577,105.042465,105.29697,103.67545,103.957985,104.306046,102.346596,101.111145,97.31888,95.37949,95.53797
10,122.63672362446484,108.87336,102.88624,100.7735,100.499535,110.335724,137.5571,202.96945,259.44073,271.10703,275.30594,274.17157,265.88342,272.16843,268.07526,262.01648,236.2199,211.5497,220.9917,255.20891,247.07205,218.4973,182.03836,150.09181,120.10097
11,411.6977475636321,377.58246,362.99164,359.95697,360.4122,382.31027,449.65552,643.58984,791.5698,833.57043,836.5937,835.932,813.83435,822.6081,823.5898,798.30756,730.5913,654.04755,651.0332,731.68567,700.53613,646.89905,546.5075,473.57773,409.27115
12,190.97635613226643,180.19962,172.98514,173.00417,173.9038,183.714,216.6118,283.36636,341.6223,357.29965,357.17465,358.4144,350.51944,355.58768,354.96747,337.98068,313.93573,284.16614,284.741,314.30338,304.52258,278.53024,240.06065,215.63614,188.97072
13,283.3971725107659,283.55084,284.61108,284.53256,285.31418,288.05734,303.88428,313.6779,317.81552,318.73236,318.87512,318.67664,317.1146,316.06705,314.57544,315.6171,316.38168,311.51093,312.35858,313.40436,307.5169,303.80478,292.41028,286.5831,287.07098
14,116.9991276351019,117.06434,117.505554,117.43447,117.769554,118.92088,125.45717,129.49057,131.28587,131.58708,131.64604,131.56407,130.91913,130.4867,129.8709,130.30096,130.61661,128.60515,128.9557,129.3875,126.95685,125.424286,120.72015,118.3144,118.51582
15,155.99885598325588,156.08351,156.66704,156.5793,157.05414,158.58063,167.2762,172.65407,175.04787,175.44943,175.5309,175.41881,174.55899,173.98228,173.16121,173.73466,174.15555,171.47362,171.94101,172.51663,169.27579,167.23238,160.96025,157.7526,158.02118
16,229.61496826394009,218.80298,215.44283,215.0617,215.35268,219.39787,239.67513,263.6172,271.7538,276.09604,276.19083,272.0597,273.67957,274.81345,271.519,272.11768,279.30423,291.24274,303.4545,321.89255,310.70804,299.0687,277.96896,252.48103,232.31865
17,315.14420417321867,315.31985,316.49408,316.32043,317.21933,320.3598,337.61758,348.7906,353.62634,354.4378,354.6023,354.37592,352.6389,351.4737,349.81503,350.94238,351.82376,346.40747,347.3499,348.513,341.9659,337.83786,325.167,318.68698,319.22958
18,775.9974462129237,721.84357,689.05896,683.04626,686.18567,729.2503,850.78064,1177.3866,1435.9078,1487.9651,1514.0715,1507.5359,1472.9059,1488.2883,1475.9409,1424.192,1328.3846,1212.1445,1218.2881,1371.6084,1320.047,1210.6392,1038.9808,900.4846,774.63367
20,250.8067973488874,250.94661,251.89124,251.81166,252.50833,254.9576,268.93796,277.5842,281.43274,282.09836,282.20486,282.0291,280.6468,279.73886,278.3995,279.2968,279.99808,275.68637,276.43774,277.36328,272.1527,268.86752,258.78345,253.62637,254.05817
23,1010.3880910693088,926.6296,885.58417,883.70654,884.47534,940.27655,1105.5735,1544.8589,1906.1283,1986.3495,2004.9873,2005.9269,1954.5924,1970.9022,1952.3071,1885.358,1739.9308,1598.1698,1595.4183,1810.5511,1753.5741,1592.1346,1378.1227,1177.204,1003.5119
24,124.90215755167408,124.96991,125.4422,125.38535,125.747055,126.9693,133.94043,138.24783,140.15392,140.4755,140.53844,140.45096,139.76244,139.30084,138.64336,139.10997,139.4395,137.27483,137.66638,138.12732,135.53252,133.89641,128.87453,126.30629,126.52134
25,190.36823166775585,182.38583,180.39268,179.91501,180.06049,183.50224,198.75041,217.8217,223.77866,226.70087,226.98738,224.34583,224.93874,225.12236,223.18385,224.02197,229.1972,236.82272,246.79869,258.32294,251.12862,242.3524,224.92336,207.29811,192.71666
26,162.77253497196784,150.52483,143.42796,142.92947,143.37425,153.01825,186.66608,258.32434,313.50003,329.20615,329.08667,328.66104,321.54837,327.39188,327.3616,315.26367,289.39017,256.4779,255.9947,287.7718,275.9165,254.06082,217.04214,187.25871,162.29312
27,742.8408154424518,706.10333,690.0599,691.53094,691.6646,718.19476,820.1979,1008.97516,1177.3049,1205.2805,1217.0336,1214.4802,1180.7808,1197.8735,1199.0565,1171.7062,1116.8441,1035.9044,1038.6733,1135.439,1095.3453,1017.07324,911.4703,827.92413,742.8324
29,194.99858433140983,195.10439,195.83388,195.77983,196.28261,198.22578,208.97028,215.83401,218.80977,219.31184,219.41013,219.02602,218.19867,217.47784,216.4515,217.17993,217.69447,214.31487,214.92621,215.64583,211.5948,209.04051,201.2003,197.19073,197.52646
30,1287.0703503653904,1208.2379,1149.6494,1151.4625,1152.3176,1248.7177,1474.2329,2106.0432,2591.3618,2732.186,2742.6191,2817.562,2653.843,2716.781,2725.236,2595.645,2354.5908,2014.491,1975.3196,2203.6362,2148.887,1968.839,1653.414,1449.6686,1284.2708
31,323.7804664366027,323.9609,325.16733,325.07767,325.92706,329.13895,347.187,358.34882,363.31723,364.1508,364.31396,364.0872,362.30255,361.10562,359.40137,360.611,361.46518,355.8989,356.86884,358.06378,351.3372,347.0962,334.07803,327.42032,327.97775
32,141.69858625538296,141.77542,142.30554,142.26628,142.65709,144.02867,151.94214,156.83894,158.90776,159.36618,159.43756,159.33832,158.5573,158.03352,157.28772,157.80855,158.19084,155.75546,156.17929,156.70218,153.75845,151.90239,146.20514,143.29155,143.53549
33,1229.501423553319,1142.6721,1080.5332,1086.4733,1099.8672,1164.074,1400.3674,2066.1172,2591.7925,2705.1042,2726.924,2770.4875,2621.7544,2686.2822,2676.3862,2524.5159,2287.2578,1955.237,1936.9624,2167.7864,2097.3716,1912.1917,1623.6093,1415.4512,1227.1343
34,207.114863568302,185.30534,179.44719,178.11476,178.0736,183.51105,209.53758,245.52603,261.4427,266.48227,266.5515,259.69742,262.97784,264.962,261.29907,262.18973,272.4892,302.66986,327.2009,356.5069,349.5618,320.27133,291.0578,250.80792,210.91068
35,295.80999001679385,261.8927,245.04135,242.3389,245.64595,267.31992,334.70364,501.50745,627.48346,654.6088,659.05426,656.23834,645.1161,656.2642,647.9663,632.70026,567.69086,504.65686,518.1484,616.55176,593.4918,524.5447,435.89496,362.23444,289.89087
3,183.0343987089944,183.87318,183.97787,184.54016,186.55998,196.60283,202.77556,205.63992,206.24323,206.3042,205.94292,205.0526,204.43175,203.42381,204.12036,204.61862,201.48145,202.15448,202.99826,198.92155,196.94351,189.37012,185.53964,185.82936,185.60506
4,200.73540590038675,190.25078,187.48613,187.28293,199.20915,235.43152,316.77646,393.52237,405.48907,415.183,411.28192,404.57657,407.0832,402.96002,389.8561,360.1514,332.48502,333.51154,377.69092,365.2066,333.28668,287.3114,247.49142,211.92589,201.39064
5,152.5101388831202,153.20909,153.2963,153.76477,155.37267,163.81578,168.95912,171.33286,171.84843,171.89919,171.59827,170.85637,170.33907,169.49928,170.07964,170.49483,167.88075,168.44157,169.14473,165.74786,164.09966,157.78932,154.59758,154.83897,154.6598
6,63.95438600657285,64.247475,64.28408,64.47582,65.18627,68.695366,70.8624,71.853004,72.06382,72.085106,71.9589,71.63221,71.43086,71.078674,71.32209,71.49619,70.399994,70.62504,70.93001,69.50555,68.81442,66.168175,64.829735,64.93036,64.85585
7,255.2594999483553,242.27782,239.85406,238.5696,255.13458,296.28116,400.48474,488.97354,503.6757,511.73517,509.74976,502.2557,508.9106,507.38776,483.24545,452.4645,409.6524,410.22186,455.12518,436.6438,401.94403,349.16156,306.7314,269.58734,255.0868
9,94.13800270669417,94.56941,94.62326,94.90554,95.95125,101.11649,104.30148,105.75646,106.0747,106.106094,105.92031,105.46238,105.14307,104.62465,104.98294,105.239174,103.62565,103.97138,104.4058,102.30905,101.29175,97.3966,95.426476,95.5755,95.46491
10,111.72794917506484,102.088394,100.056496,100.27088,110.38802,137.69276,203.76308,259.29816,270.3205,276.46405,273.93933,267.2599,273.0987,267.77393,261.3021,235.14996,212.27635,220.52104,254.51855,247.53471,219.47246,181.77495,151.11476,120.1271,112.238045
11,388.9897911558952,366.56265,358.68158,358.31442,386.10123,453.74496,632.2523,793.17267,829.3264,841.1685,837.04584,819.16864,827.8437,822.60504,796.2406,731.4489,656.56177,650.04755,733.76135,699.6924,646.0767,550.0357,477.0239,409.44873,387.79395
12,183.30714162723703,174.61238,172.58372,172.85526,183.56233,219.79747,281.66476,341.8454,358.3187,357.9819,358.7566,350.86224,355.73807,355.37354,338.97858,314.3642,286.0632,284.78424,314.5077,303.66376,278.79965,241.36931,215.2531,188.88606,183.40405
13,282.85286189638884,284.1491,284.31094,285.20026,288.414,303.75766,313.35986,317.78638,318.8594,318.81287,318.25467,316.87878,315.9193,314.36172,315.4382,316.2081,311.36002,312.4001,313.7042,307.4042,304.3474,292.6439,286.72427,287.17197,286.82538
14,116.774411677351,117.31725,117.38838,117.72652,119.02371,125.43861,129.36905,131.18666,131.58147,131.6203,131.38988,130.82182,130.42567,129.7827,130.22711,130.54497,128.5434,128.97226,129.51122,126.91029,125.64833,120.81655,118.37273,118.55753,118.41446
15,155.69923466950002,156.4128,156.50182,156.9687,158.76044,167.24133,172.49216,174.91554,175.44199,175.49377,175.18932,174.42911,173.90102,173.0436,173.63614,174.05998,171.3913,171.96309,172.68167,169.21378,167.53113,161.08879,157.83035,158.07675,157.886
16,218.18824479054328,215.70988,214.85606,215.28244,220.62518,239.47983,263.60718,271.95197,276.3675,276.28027,272.12122,273.9777,274.87198,271.78033,272.44073,279.22888,290.9324,303.72324,321.56497,309.71826,298.6413,278.28735,252.84381,231.38367,221.79732
17,314.5389181928711,316.0011,316.16034,317.12646,320.59747,337.85593,348.5381,353.3591,354.42252,354.52734,353.91235,352.37653,351.3097,349.57745,350.77454,351.61978,346.23953,347.3962,348.84616,341.84058,338.44138,325.4267,318.84406,319.34186,318.9565
18,730.9149125053132,695.4599,685.3401,680.3397,730.0158,855.1434,1161.39,1439.0109,1492.2051,1518.4554,1516.1227,1477.1879,1494.4604,1475.0713,1422.4359,1330.8094,1217.5784,1218.9926,1370.6768,1322.6125,1212.9529,1042.0481,895.6815,771.7498,741.9913
20,250.32508187958527,251.48878,251.60295,252.40257,255.29752,268.88184,277.32385,281.2201,282.06638,282.09448,281.6557,280.438,279.58893,278.20322,279.16318,279.8359,275.55392,276.47333,277.62857,272.053,269.34772,258.99023,253.75128,254.1475,253.84085
23,949.2249954880062,891.9481,877.10376,880.0319,942.1999,1122.7717,1537.313,1912.792,1977.8783,2023.118,2008.9081,1955.4792,1984.5039,1951.1976,1886.933,1743.2981,1599.7274,1611.3672,1805.2489,1752.0618,1598.79,1377.18,1171.2461,1001.18524,960.62164
24,124.66226253256832,125.233536,125.29864,125.70519,127.11327,133.90353,138.12022,140.05855,140.46947,140.51097,140.26495,139.65855,139.23564,138.54927,139.02791,139.36409,137.22626,137.66498,138.25941,135.48279,134.1356,128.97745,126.368546,126.56585,126.41312
25,182.089315087,180.47116,179.77641,180.04181,183.4343,198.8942,217.85075,223.91646,226.75798,226.86484,224.14124,225.11198,225.23586,222.99657,224.02835,228.81122,236.66324,247.40279,258.81577,250.45027,242.32463,224.9452,206.98013,193.0129,184.9769
26,154.3177467155596,145.76718,142.82,142.95975,152.38968,186.37292,254.16621,315.02924,329.71738,330.4017,328.31815,322.70203,328.25604,325.48474,315.191,289.11438,256.81757,257.61597,288.5287,276.36438,254.92859,217.00586,186.71872,162.4124,153.90608
27,714.788126947293,687.4184,687.3005,691.8678,723.2967,824.2619,1002.80396,1176.749,1207.849,1224.5779,1212.579,1183.6305,1199.6818,1200.967,1174.1349,1114.3973,1041.2438,1040.4337,1129.1378,1094.8134,1019.62274,909.6578,828.3402,743.70886,714.8188
29,194.624057661649,195.51596,195.62737,196.23926,198.3729,209.05164,215.6463,218.66093,219.30244,219.36725,218.98318,217.98898,217.37622,216.30449,217.0452,217.57668,214.23915,214.92395,215.85207,211.5172,209.41396,201.36098,197.2879,197.59592,197.35748
30,1241.719143463013,1188.2964,1154.5194,1166.494,1250.4607,1463.6791,2095.9612,2606.3245,2725.6592,2737.5818,2815.8232,2661.939,2707.5657,2709.5837,2605.478,2349.5857,2016.7108,2003.5319,2227.7415,2153.1719,1957.7958,1679.5509,1458.7394,1280.0975,1210.7589
31,323.1585931022711,324.66086,324.8244,325.8405,329.22406,347.11456,358.0128,363.04263,364.13516,364.2428,363.605,362.03302,360.93695,359.15735,360.38718,361.2697,355.72794,356.9148,358.40613,351.20847,347.71606,334.3448,327.58176,328.0932,327.6972
32,141.42643094819442,142.07455,142.15547,142.60013,144.207,151.87883,156.67993,158.89319,159.4297,159.40643,159.12733,158.43939,157.95966,157.18086,157.7191,158.10405,155.68001,156.20004,156.8521,153.7021,152.1737,146.32195,143.36214,143.58598,143.41269
33,1181.958080555558,1127.501,1092.3815,1091.224,1175.6447,1411.1361,2067.1482,2601.222,2699.1375,2695.0825,2749.6655,2632.1492,2688.4478,2684.9475,2529.0955,2307.0686,1986.7806,1925.946,2183.9573,2115.3054,1918.8779,1633.4264,1425.6648,1220.6249,1150.3121
34,185.968613515351,179.30586,178.23204,178.11476,182.66821,209.0508,246.46248,261.89404,266.31198,266.27472,262.55167,263.7739,264.7633,260.7176,262.24524,272.08185,301.92944,327.44498,356.6557,349.92648,322.57983,291.74747,250.62372,209.54927,186.84087
35,270.3886862757938,247.49866,241.47864,240.69914,266.8351,331.92584,496.1199,629.4934,654.0884,667.0744,655.9155,644.24884,656.2936,649.31824,628.914,568.7639,511.1673,518.8025,614.8752,591.36615,525.6698,439.14404,359.66287,289.81473,269.09625
3,183.66633000047875,184.03415,184.50403,186.55547,196.73622,203.45808,205.63406,206.26964,206.27322,206.00572,205.31096,204.5748,203.23355,204.43118,204.46713,201.84665,202.20285,203.09695,198.98943,196.8463,189.55075,185.63177,185.96452,185.60153,186.12463
4,194.71411178059563,186.60059,186.64754,198.11372,234.37238,320.12164,391.96976,405.9332,414.5311,413.8952,404.73523,408.8738,403.9809,390.346,364.3613,333.47266,334.4498,376.97443,363.94592,333.93478,288.0429,247.44547,212.14764,201.243,189.38696
5,153.03668432872303,153.34322,153.73468,155.44398,163.80305,169.52782,171.34088,171.87314,171.87344,171.65053,171.07172,170.45827,169.34067,170.33862,170.3686,168.18509,168.48189,169.22693,165.80446,164.0187,157.93974,154.67438,154.9516,154.64915,155.09103
6,64.17519028178168,64.30372,64.46791,65.24428,68.741974,71.09066,71.85272,72.07303,72.07429,71.98083,71.73806,71.42654,71.0122,71.430664,71.443245,70.52762,70.652054,70.95521,69.52928,68.78043,66.23128,64.86193,64.97819,64.85075,65.03668
7,248.7978771346929,240.05756,237.76994,256.8117,300.03278,398.4823,488.35226,504.00366,512.52875,511.89908,502.85236,510.32162,507.15884,484.06992,454.2067,411.05057,408.63647,455.66943,434.82135,401.05347,349.02292,305.8555,268.57727,255.41736,240.46236
9,94.4630167480317,94.6522,94.89385,96.03664,101.1851,104.64229,105.79086,106.08995,106.090126,105.95256,105.5953,105.21661,104.52679,105.14274,105.16129,103.8135,103.9967,104.44989,102.34401,101.24174,97.48951,95.47389,95.64502,95.45833,95.731094
10,106.43099228556484,99.94083,100.04894,109.87005,140.28496,203.21442,259.27753,269.9195,275.6299,275.37656,267.86362,274.16388,268.63342,261.1087,235.5681,212.70197,221.616,254.86241,247.26346,218.0217,182.78902,151.24245,119.94249,111.53723,100.31738
11,377.315984372482,364.1444,357.02426,382.74542,451.78043,627.66907,793.7302,830.7908,837.9602,838.94836,819.3537,829.18866,827.34424,794.69946,734.45416,659.1086,655.338,730.90454,699.9649,649.7639,549.6583,473.38367,409.91476,385.83963,362.74252
12,179.3230754062604,173.75114,171.38936,183.00731,217.58987,281.41617,342.45105,357.64838,358.6756,358.86298,350.91104,355.77475,355.96228,339.03555,314.14044,286.34445,285.68362,313.3911,303.49796,279.08783,241.85097,214.65446,190.04941,183.11472,173.85709
13,283.82941917512426,284.39783,285.12402,288.29697,304.02994,313.57822,317.77725,318.75952,318.87598,318.35162,317.27805,316.14038,314.06766,315.9184,315.97412,311.92438,312.47488,313.8566,307.50922,304.1972,292.923,286.86667,287.38092,286.81992,287.62833
14,117.17757854272762,117.420425,117.723076,119.1296,125.51611,129.81133,131.19278,131.60034,131.60059,131.42986,130.9867,130.517,129.66127,130.4254,130.44836,128.77644,129.00366,129.56583,126.95363,125.58631,120.9318,118.431496,118.6438,118.4122,118.74594
15,156.23679055594434,156.54973,156.94939,158.83951,167.35641,173.07278,174.92372,175.46713,175.46747,175.23987,174.65175,174.02266,172.88174,173.90051,173.93114,171.70198,172.00497,172.75452,169.27153,167.44847,161.24239,157.90869,158.1918,157.88297,158.32796
16,214.85034333922573,214.55127,215.13397,219.70619,240.19205,263.7947,271.51706,276.01822,276.30182,272.07385,274.03094,274.76334,271.7446,272.253,279.09714,291.79605,303.21414,321.9153,309.59186,299.50305,278.0502,252.99069,232.46622,221.59535,218.18837
17,315.62487245173,316.27896,317.0645,320.58978,338.0851,349.63647,353.5753,354.47348,354.47403,354.0144,352.82623,351.55542,349.25055,351.30862,351.37048,346.8563,347.47928,349.01587,341.9572,338.27432,325.73712,319.00247,319.57422,318.95038,319.84933
18,709.0619217800853,682.1004,681.8446,733.3919,861.10376,1173.9854,1439.6631,1491.7078,1523.576,1520.4044,1475.1002,1492.8218,1481.3407,1427.9683,1330.5913,1216.6392,1222.0945,1371.343,1321.923,1216.9606,1042.0734,897.9275,774.956,740.1763,685.0109
20,251.1893361039215,251.70993,252.32907,255.14304,269.0696,278.2573,281.23312,282.1069,282.10745,281.67856,280.79138,279.78458,277.9503,279.53293,279.6374,276.0449,276.54056,277.74567,272.14584,269.21487,259.2371,253.87738,254.33241,253.83598,254.55142
23,919.3847653523428,883.7331,875.7919,942.5505,1118.1951,1557.3365,1903.1873,1974.0776,2012.7261,2015.9603,1959.124,1982.8793,1964.238,1886.702,1746.6492,1604.886,1608.3743,1810.6343,1752.7665,1596.0085,1378.3577,1172.9573,1006.85486,950.7322,887.9624
24,125.09266241978744,125.34316,125.66024,127.26764,133.99564,138.57256,140.05276,140.48743,140.48991,140.30766,139.83458,139.33313,138.4196,139.23535,139.26413,137.49403,137.71759,138.30855,135.52908,134.06935,129.10046,126.43129,126.65794,126.41069,126.76699
25,179.77098757594436,179.59506,179.972,183.33215,199.34491,218.12186,223.8331,226.75063,226.96544,224.10562,225.00337,225.14873,223.34311,224.26677,228.79594,236.8694,247.40813,260.30975,250.42256,242.48898,225.81674,207.35158,192.86952,185.1374,181.98926
26,149.89074284137436,145.04153,141.8783,152.11217,186.40796,249.67284,314.2988,328.1791,330.91925,329.40598,323.57068,329.02765,327.96445,315.4794,289.2726,258.35556,255.9181,289.24292,275.53537,255.4919,217.28694,188.0829,163.01913,153.32881,144.14818
27,702.4577191296188,688.1522,686.875,720.83826,819.8628,1000.10504,1177.0604,1206.8398,1224.605,1220.8174,1190.0508,1201.4287,1200.3982,1171.773,1120.9612,1044.0116,1041.5826,1130.3026,1093.4092,1017.29095,910.40717,829.8381,743.1309,712.6282,694.41376
29,195.29600256916115,195.68712,196.18678,198.36993,209.19348,216.34099,218.66005,219.33049,219.33432,219.04985,218.3112,217.36314,216.10214,217.37564,217.41394,214.65714,215.00623,215.92873,211.58939,209.31056,201.55305,197.3859,197.7397,197.35368,197.90996
30,1212.2343112217486,1164.0037,1147.7562,1252.7427,1479.9148,2091.7454,2599.0054,2729.1567,2751.3645,2796.0623,2659.8335,2721.0974,2704.5962,2584.7217,2344.7732,2033.8328,1994.3367,2217.82,2137.4978,1967.1584,1673.4298,1462.5222,1278.0624,1208.8771,1160.4025
31,324.2743070256308,324.94632,325.75333,329.3783,347.08752,359.21793,363.05963,364.18747,364.18817,363.71582,362.4893,361.18945,358.8214,360.93588,360.99942,356.42203,357.00165,358.5574,351.32828,347.54453,334.66367,327.74445,328.3319,327.69098,328.6145
32,141.91470958756213,142.19891,142.56201,144.14848,152.01497,156.78911,158.88863,159.37976,159.43799,159.17581,158.63902,158.07019,157.03383,157.9592,157.98706,155.96219,156.23744,156.9283,153.75461,152.0986,146.4615,143.43333,143.69046,143.40996,143.81416
33,1151.0344060030702,1102.2805,1087.5264,1177.7474,1424.1304,2081.0945,2556.8594,2700.6348,2723.3352,2765.652,2628.2163,2678.9194,2679.6765,2541.6953,2304.297,1988.6857,1929.3246,2152.5178,2116.9377,1914.6603,1617.2065,1415.8871,1219.3323,1147.7994,1099.0785
34,178.88371785472762,178.04234,178.01266,183.29362,208.77899,245.79031,261.88733,266.65674,266.51855,259.57443,263.52432,264.94263,260.56613,261.80188,272.20792,302.12457,327.40082,356.8359,349.35687,323.04648,292.4537,248.6262,208.09367,187.43474,181.81866
35,257.8862318332938,246.99373,241.17293,263.7935,333.8684,493.4398,630.4357,654.80725,665.91724,668.1094,648.89905,655.6199,648.86316,628.02637,569.463,511.81177,522.69867,616.55566,590.9435,526.7993,436.89673,364.50336,288.93185,269.5417,243.50156
3,183.8838801172193,184.46274,186.15164,196.75821,202.81075,205.67455,206.16365,206.22643,205.95895,205.42276,204.4732,203.3756,204.43613,204.67409,201.69939,202.56856,203.0602,199.04468,196.84277,189.27597,185.5772,185.89272,185.64676,186.21866,186.1679
4,194.7100976971429,189.10849,199.04167,237.5546,320.22467,394.30417,406.24472,415.14142,414.23358,403.46777,408.74295,404.92465,390.66217,364.94168,333.33716,335.7017,376.27753,365.30878,333.75626,288.4965,247.4693,212.7859,200.47047,189.33624,185.66588
5,153.21795407229118,153.70032,155.10751,163.94527,169.00076,171.3746,171.78221,171.8352,171.61157,171.16486,170.37367,169.45908,170.34271,170.54105,168.0624,168.78659,169.19626,165.85042,164.01578,157.71085,154.62889,154.89182,154.68683,155.16338,155.12515
6,64.25120486832897,64.453476,65.0436,68.823425,70.864494,71.86511,72.021355,72.05794,71.96448,71.77713,71.44535,71.0482,71.432396,71.51552,70.476135,70.77986,70.95163,69.53933,68.77922,66.13524,64.84286,64.9531,64.867165,65.0664,65.05099
7,249.01101922449763,243.06459,254.3311,299.1345,399.90317,486.45395,501.86633,512.14246,511.4099,502.38107,509.77222,508.5453,484.31216,453.26852,412.20953,412.26923,453.85983,435.55795,402.91205,349.68582,306.95877,270.00644,255.87567,241.2661,238.41719
9,94.57490682783644,94.87264,95.74126,101.30501,104.30933,105.78222,106.05633,106.066536,105.92851,105.65276,105.16441,104.599846,105.14532,105.26766,103.73774,104.18477,104.43765,102.365715,101.23994,97.34815,95.44584,95.60809,95.48158,95.77574,95.752144
10,106.28962834656484,101.79946,109.56996,137.46448,204.17877,258.5505,270.50064,275.0768,275.28137,266.58197,273.59937,268.67548,261.4583,236.42467,212.90636,221.65051,254.66783,246.93152,217.6586,182.51161,150.97617,120.19113,111.66989,100.693184,98.62192
11,377.6188635861431,367.34262,381.92017,458.87085,628.99976,792.8623,832.00757,838.84015,839.5652,818.69006,828.66516,827.08704,796.9849,733.27515,662.63226,658.6447,732.0634,699.50726,653.00024,550.5962,475.6006,410.40546,386.3787,363.8792,359.49918
12,179.5709381793668,174.58647,180.7349,222.65306,286.17618,340.40936,357.58386,358.5531,359.4338,351.59293,357.26443,355.80292,339.04507,313.07693,287.3542,284.7898,314.4158,303.9813,277.8482,241.96173,215.2336,189.3279,182.51888,173.73187,172.84215
13,284.1656110251807,285.0602,287.67023,304.08722,313.4236,317.58966,318.59576,318.69278,318.16217,317.45078,315.98343,314.28726,315.92606,316.29376,311.69687,313.03998,313.7998,307.59436,304.19183,292.4983,286.78244,287.27002,286.88986,287.77365,287.69522
14,117.31637369310316,117.699165,118.78653,125.664795,129.39153,131.24078,131.53065,131.57129,131.4001,131.05801,130.45226,129.75194,130.42853,130.58029,128.68251,129.23703,129.55064,126.980576,125.584076,120.756485,118.396706,118.597984,118.44106,118.80596,118.773544
15,156.42185077914652,156.9143,158.35092,167.55307,172.5272,174.95819,175.3743,175.42838,175.20013,174.74399,173.92635,173.00258,173.90472,174.10712,171.5767,172.31606,172.73428,169.3074,167.44545,161.0087,157.86226,158.13066,157.92148,158.40796,158.36476
16,214.29107444905907,214.79468,219.44759,240.23721,263.69473,271.4771,276.2455,276.25314,272.0637,273.9261,274.7633,271.8536,272.84784,279.04898,291.64734,303.17856,321.39563,309.06177,299.57288,278.26077,252.67354,232.72496,221.69415,217.94554,217.04642
17,315.99872555723886,317.02982,319.89584,338.12286,348.52396,353.44528,354.31873,354.39523,353.93396,353.0127,351.3608,349.49466,351.3172,351.72598,346.61404,348.0767,348.9526,342.05212,338.26825,325.2649,318.90863,319.45087,319.0282,320.011,319.92374
18,709.150836616933,687.7232,729.0569,858.2702,1164.2937,1431.7289,1493.905,1519.0574,1522.6168,1476.1862,1499.2494,1480.7087,1428.5557,1336.8365,1210.7152,1220.946,1371.8278,1321.6594,1215.1101,1037.3054,890.7614,773.18665,740.0142,686.6425,679.0513
20,251.48686624672573,252.3075,254.6326,269.1175,277.32373,281.28848,281.95752,282.04465,281.67758,280.9605,279.6456,278.14453,279.595,279.94687,275.85208,277.01614,277.71307,272.20367,269.21005,258.8613,253.80273,254.2342,253.89781,254.68004,254.61063
23,919.449486375147,890.74884,950.9038,1125.8535,1533.9376,1899.9594,1973.1177,2015.1216,2018.16,1956.4797,1986.4988,1964.7797,1890.9877,1754.1138,1598.3716,1608.118,1797.0817,1750.1528,1598.2769,1368.2549,1164.0585,1007.1691,959.8223,892.49756,875.0336
24,125.24083287276451,125.63508,126.80741,133.911,138.13573,140.08212,140.39145,140.45801,140.27586,139.91066,139.26398,138.51636,139.23866,139.40076,137.37901,137.98573,138.30153,135.5486,134.06702,128.91331,126.39412,126.609024,126.44151,126.83105,126.79647
25,179.3977548041465,179.6283,183.4328,199.0577,218.26195,223.86023,227.13332,226.8973,224.08014,225.11295,225.20265,223.713,224.23883,229.11949,236.92065,247.24345,260.48816,251.17503,242.51262,226.08221,207.37427,192.99995,185.11566,182.00572,181.93669
26,150.05211425917943,146.4228,151.55424,190.18774,251.16805,313.67416,328.50583,329.82965,330.3786,322.74863,328.6787,326.49045,317.3273,289.54535,259.53577,257.53625,288.5458,276.83194,255.03711,214.80066,188.24037,162.15727,153.51791,144.19,142.74347
27,702.8058385829934,692.83,720.93744,822.096,1006.4794,1177.2432,1204.6935,1223.7444,1220.4181,1187.4398,1203.8834,1202.0948,1173.2366,1121.0587,1044.6318,1044.9341,1133.0524,1094.5419,1016.9702,912.8075,826.19867,742.87836,714.03876,693.08167,686.00653
29,195.5273278651899,196.14285,197.93874,209.23491,215.65262,218.69774,219.17325,219.28459,219.00015,218.43005,217.42043,216.2118,217.38094,217.63391,214.4709,215.42476,215.91785,211.61996,209.30681,201.26086,197.32788,197.66336,197.40182,198.00995,197.95596
30,1215.8771525118054,1172.7706,1234.5206,1488.0308,2089.8362,2601.0227,2728.673,2743.785,2808.8674,2661.2246,2726.9978,2714.4836,2584.07,2340.6233,2035.4012,1999.6942,2190.778,2130.275,1964.6307,1667.6748,1454.3613,1275.025,1207.6556,1159.6091,1149.6748
31,324.6584052615415,325.71774,328.66223,347.4188,358.1012,363.13116,363.99475,364.10712,363.63324,362.68668,361.01025,359.07227,360.9447,361.36478,356.1128,357.6966,358.5153,351.40286,347.53815,334.17856,327.64807,328.20517,327.77087,328.78064,328.69095
32,142.08280551259034,142.5301,143.83511,152.04361,156.7118,158.79483,159.29788,159.34639,159.08109,158.72539,157.99171,157.14363,157.96303,158.14688,155.84843,156.51999,156.8999,153.79718,152.09592,146.24915,143.39122,143.63501,143.44493,143.88683,143.84761
33,1154.536126699099,1121.6105,1188.9647,1441.4683,2068.495,2577.148,2698.304,2716.9854,2766.104,2623.2686,2679.712,2668.9578,2533.1394,2281.469,1978.9557,1936.6366,2142.759,2098.265,1914.4502,1614.7135,1414.8041,1220.1842,1148.4004,1094.2513,1093.1027
34,177.55868123310316,178.30566,182.49683,209.09518,245.48317,262.52237,266.66086,266.65424,259.43576,263.90265,264.90128,261.73233,261.86435,271.859,299.78012,327.40515,356.91797,349.7074,322.53018,291.82935,249.26949,209.9139,187.20256,180.87477,179.62294
35,257.62766314829383,249.4188,268.40924,340.91837,499.9386,627.8613,656.2025,668.4446,665.26166,650.6865,658.0543,652.0587,627.9394,569.4846,511.6591,525.7005,614.779,591.24146,529.4969,438.25272,364.1646,290.52652,269.97824,243.13046,238.79555
3,184.3707779975433,186.37204,196.00955,202.6951,205.51173,206.06137,206.22958,205.93553,205.13495,204.38414,203.27646,204.41196,204.67426,201.6821,202.50717,203.06877,199.01001,196.7253,189.07402,185.6345,185.85973,185.60304,186.18736,186.27948,186.433
4,194.60250488132016,199.93135,234.71558,323.4942,395.38257,406.12463,415.762,414.87463,402.94522,407.60077,404.1576,390.2648,364.83722,333.77655,335.4658,376.62378,365.26785,335.3295,286.09177,247.64505,212.62187,201.81265,189.73654,185.86266,185.52852
5,153.62365302218188,155.29121,163.32143,168.89207,171.23842,171.69695,171.83714,171.6023,170.925,170.29947,169.37646,170.32259,170.54115,168.04794,168.73549,169.2034,165.82155,163.9178,157.54262,154.67667,154.86426,154.65042,155.13731,155.21404,155.3636
6,64.42133275250626,65.120605,68.48805,70.776024,71.80824,72.00028,72.068756,71.956314,71.676575,71.41423,71.0272,71.422195,71.51563,70.470085,70.75839,70.954636,69.53647,68.73638,66.06471,64.862885,64.94157,64.8519,65.05606,65.08764,65.15096
7,248.9601320592987,256.10986,300.5413,399.55795,486.23218,500.30005,512.65094,513.2094,503.11337,510.00314,508.35333,485.84415,452.37955,412.13095,412.79507,456.78305,435.70004,401.474,350.20065,307.4897,271.08987,255.81921,241.58194,238.54797,238.1404
9,94.8253274826375,95.85463,100.811356,104.17916,105.698524,105.98119,106.07153,105.92278,105.504715,105.118576,104.54889,105.13287,105.26778,103.72882,104.15323,104.44204,102.35458,101.185104,97.24433,95.47529,95.59111,95.45911,95.75964,95.80703,95.899315
10,106.05370866756483,110.60247,140.0605,210.00853,260.2185,270.8342,276.12106,275.18942,266.71317,274.80753,269.10013,261.11316,236.78523,213.61363,221.28265,255.80568,247.56781,216.99481,182.30705,149.78807,120.00444,111.67524,100.58372,98.43735,98.131294
11,377.3439485419559,388.3654,459.40933,660.3398,790.10333,831.134,836.91376,840.8112,818.04425,830.0091,823.9514,796.50415,730.71875,658.91797,661.3401,730.12,699.22034,654.54926,551.76807,475.52267,410.9004,387.65738,364.2223,360.81168,355.98288
12,179.57697386631926,182.9621,218.81317,286.1509,343.94363,356.76508,358.66107,360.81998,350.51157,357.0558,355.62616,339.9244,314.02142,287.63525,285.51782,313.22925,303.6643,278.74655,241.65941,215.44067,189.68207,183.96483,173.81622,172.52087,172.54726
13,284.9180404038785,288.0108,302.90414,313.02298,317.40958,318.4636,318.6976,318.2433,317.08072,315.84564,314.13403,315.88873,316.294,311.67004,312.94525,313.81296,307.5409,304.01,292.18628,286.871,287.2189,286.82236,287.7253,287.8676,288.10495
14,117.62701045822936,118.91932,125.0189,129.23006,131.11473,131.53262,131.57274,131.39294,130.87436,130.39532,129.68875,130.41312,130.58044,128.67142,129.19792,129.55615,126.96676,125.51606,120.62766,118.433266,118.576935,118.41317,118.78597,118.84475,118.94267
15,156.8360331834561,158.53848,166.73657,172.30675,174.72136,175.28726,175.43033,175.19063,174.49916,173.8605,172.92583,173.88419,174.10732,171.56195,172.26385,172.74158,169.28899,167.35477,160.83693,157.91107,158.1026,157.88423,158.38135,158.4597,158.59027
16,214.59516937201928,219.0136,239.62248,263.77835,271.23322,276.1963,276.2992,272.0135,273.82898,274.84436,271.5982,273.23764,278.77567,290.76456,303.48892,321.91562,309.1583,299.72192,278.3579,252.70381,232.39925,221.82771,217.97478,217.23328,217.00793
17,316.83544441242526,320.31638,336.8363,348.32535,353.1655,354.1101,354.38135,353.91486,352.51782,351.22784,349.33957,351.27548,351.72638,346.5843,348.00226,348.9565,341.99255,338.06625,324.91788,319.00708,319.3941,318.95303,319.95724,320.11545,320.3793
18,708.7240653413066,723.9894,861.31104,1193.4242,1432.3918,1490.1501,1517.9651,1519.6783,1479.813,1496.4984,1484.9457,1427.5289,1333.169,1217.8478,1217.9717,1369.7233,1325.8228,1211.1146,1042.305,901.19354,774.3735,740.214,684.4052,680.7543,677.9671
20,252.15276704252585,254.92308,268.08023,277.02557,280.85132,281.8176,282.04767,281.66232,280.5506,279.49344,278.0089,279.56183,279.92062,275.84573,276.95685,277.7163,272.174,269.0643,258.58514,253.88118,254.1891,253.83807,254.6372,254.76318,254.97319
23,918.7498437509472,944.70386,1160.3408,1557.6947,1901.2745,1980.3605,2013.0674,2018.6432,1961.4087,1974.9014,1962.419,1893.2385,1754.5737,1605.5669,1611.7208,1818.2147,1733.9277,1602.6929,1377.8799,1175.669,1009.0895,962.82837,883.308,878.4058,871.4012
24,125.57245245799888,126.93548,133.50443,137.99005,139.89249,140.34566,140.43755,140.25992,139.71458,139.20331,138.44879,139.22221,139.40086,137.36295,137.92921,138.30757,135.54306,133.98349,128.77585,126.43321,126.58652,126.411736,126.80973,126.87247,126.977
25,179.68310036345608,183.36671,199.78442,217.97244,223.7545,226.93051,226.97676,224.29503,224.88231,225.17064,223.5975,224.50427,229.0237,236.69713,247.41737,260.42044,250.27765,242.3353,226.17004,207.25241,193.21619,185.06863,182.02475,181.93863,182.00798
26,149.9563115357908,153.17981,188.74718,253.62654,313.9421,329.29504,330.89407,330.74683,322.51004,329.48804,326.94034,315.4546,289.4781,260.0995,259.1594,288.36023,276.05807,253.98152,218.1634,187.94444,162.02097,154.12341,144.51625,142.73859,141.79001
27,703.275141292736,724.3917,822.5307,1005.1968,1176.6377,1204.7379,1224.5482,1220.4664,1189.7505,1201.6942,1199.3055,1174.7426,1118.857,1043.5269,1045.9097,1132.2994,1095.8263,1016.5174,913.111,827.09845,742.76056,714.2158,692.8801,686.232,684.5063
29,196.04505590868283,198.17303,208.42082,215.38333,218.52467,219.1091,219.3175,218.9753,218.12398,217.32562,216.14789,217.34991,217.63416,214.45244,215.32988,215.92726,211.61125,209.17648,201.04613,197.38882,197.62828,197.35535,197.97668,198.0746,198.23784
30,1215.286880610503,1238.5154,1498.2625,2116.4524,2603.4438,2721.837,2745.9414,2821.3484,2665.3372,2723.2048,2712.0293,2598.9329,2355.9055,2028.9149,2000.0237,2208.1729,2134.5095,1963.639,1654.7107,1455.1902,1276.1637,1208.5914,1163.766,1151.6742,1146.0488
31,325.51805369429394,329.09433,346.06702,357.6278,362.84268,363.81418,364.11118,363.61356,362.17838,360.85294,358.8972,360.90198,361.36523,356.08218,357.539,358.53098,351.36453,347.35,333.82196,327.7494,328.14685,327.69373,328.72537,328.888,329.15903
32,142.45902020193924,144.0054,151.45207,156.51149,158.70479,159.2318,159.3488,159.12164,158.54036,157.92282,157.06702,157.94437,158.147,155.83502,156.47263,156.90648,153.77045,152.005,146.09314,143.4355,143.60945,143.41118,143.86266,143.9338,144.05247
33,1153.660615962592,1197.7902,1447.9192,2092.7546,2583.3743,2698.609,2712.9104,2778.9583,2622.987,2692.335,2669.3623,2552.6016,2314.0127,1984.1251,1927.5625,2152.4658,2102.281,1904.6656,1613.7687,1421.6451,1219.6128,1151.1396,1091.5192,1094.7112,1087.8451
34,177.5315106662294,181.22646,209.61714,246.48605,261.91168,267.0979,266.4566,259.6531,263.91034,264.9551,261.5388,261.86108,272.14474,302.27826,327.57013,357.3456,350.4409,323.34067,292.1105,250.57405,208.61345,187.89005,181.92204,179.84653,179.76404
35,257.0710752132938,264.8182,332.32858,517.14935,629.94763,653.6409,671.09174,666.7983,647.607,660.6284,648.1115,628.78546,569.44135,513.1658,524.3411,613.5687,592.84357,528.7663,438.5545,361.21585,289.7671,269.13126,244.67007,237.86073,239.12958
3,186.53591963557983,195.80882,202.80476,206.05777,206.14828,206.32278,205.92665,205.39464,204.3853,203.25087,204.4471,204.4243,201.83543,202.6843,203.13664,199.12375,196.75243,189.11143,185.5332,185.81337,185.66968,186.16173,186.24821,186.47264,189.16441
4,205.42056189957663,239.25624,339.6909,397.51923,406.65018,416.15198,414.39062,402.2506,409.38132,404.23538,391.4735,364.93698,334.105,335.66437,377.58633,365.41708,333.69675,286.59488,248.2472,212.55275,202.4443,189.60199,186.22404,185.66167,194.32718
5,155.4277185653128,163.15424,168.98343,171.69398,171.80392,171.91475,171.5847,171.14124,170.30042,169.35521,170.35197,170.33287,168.17575,168.88303,169.25995,165.91632,163.94041,157.57375,154.59227,154.82565,154.70595,155.11592,155.18802,155.37497,157.64241
6,65.17785887576274,68.41791,70.86238,71.903564,72.030655,72.09163,71.97359,71.76733,71.41466,71.01827,71.43624,71.43625,70.52369,70.82028,70.97833,69.5762,68.74762,66.087166,64.82751,64.925385,64.875175,65.04711,65.07732,65.15513,66.10656
7,262.10853291330767,304.83112,408.52478,490.64484,503.73654,512.33417,512.71423,505.47858,509.78137,509.27142,485.97504,453.63452,414.0396,411.09427,454.02414,436.9047,402.27713,349.5754,307.94678,270.08688,255.86752,241.74025,239.04958,238.40495,249.52097
9,95.93890018164647,100.70811,104.30627,105.83885,106.025925,106.115654,105.914314,105.63818,105.11916,104.53572,105.15102,105.139206,103.80768,104.244286,104.476974,102.41305,101.19346,97.269035,95.42321,95.56726,95.493355,95.746445,95.790955,95.90636,97.30594
10,114.16433426706482,142.26418,207.21875,262.0011,270.97693,276.6205,276.3127,267.09015,275.11353,269.47943,261.24707,236.75053,213.8498,221.03589,254.21552,247.58604,218.09807,181.79619,150.2101,120.73163,111.55826,100.24221,98.60753,98.52629,106.19803
11,399.836342443868,483.78445,655.28577,800.53613,839.11115,840.813,837.30145,818.41547,830.69904,827.09375,798.242,734.04254,663.8324,659.127,736.0567,698.23303,652.2493,547.8563,477.05228,410.82263,388.24036,364.39178,360.5994,354.37744,376.77863
12,188.5203434272356,221.88419,288.44244,344.4528,357.44293,359.34943,360.1558,351.21844,357.145,356.37405,339.86157,314.88162,286.96338,287.46548,313.48254,304.52115,279.90726,241.25435,215.61832,189.28925,185.013,174.16928,172.81094,172.69537,179.35747
13,288.2639497687261,302.5938,313.40512,318.43484,318.74738,318.7512,318.2295,317.40738,315.91248,314.0944,315.94315,315.90775,311.907,313.21887,313.918,307.71664,304.05203,292.24405,286.7144,287.1474,286.92523,287.6857,287.8194,288.1661,292.3258
14,119.00835266910984,124.93704,129.60486,131.28882,131.52083,131.62627,131.3795,131.03989,130.39609,129.67235,130.43562,130.42099,128.76927,129.31084,129.59952,127.0393,125.526436,120.65833,118.36864,118.54736,118.455696,118.76961,118.82481,118.96797,120.68527
15,158.67782302389656,166.56589,172.51698,175.05179,175.45773,175.50967,175.17267,174.71994,173.8615,172.89651,173.91861,173.89465,171.69243,172.4145,172.7993,169.38574,167.36855,160.8778,157.8249,158.06317,157.94098,158.35948,158.43314,158.624,160.9137
16,218.9188957211936,238.86903,264.39417,271.8264,276.39294,276.23206,272.1917,273.78003,274.88623,271.93433,274.1027,278.90543,292.09204,303.48145,322.30563,310.224,299.33673,278.8182,252.38687,232.15349,221.69557,218.09557,217.19403,217.17458,223.33923
17,320.55617293867954,336.52554,348.5137,354.10397,354.25943,354.55936,354.18378,352.9639,351.22974,349.28036,351.34518,351.29672,346.84784,348.30664,349.084,342.17722,338.11288,324.98215,318.83298,319.31445,319.06757,319.91312,320.06186,320.4474,325.07306
18,748.4309204831487,890.4728,1197.4073,1449.0,1492.9095,1520.7095,1515.9696,1482.8983,1499.8431,1484.5258,1428.4888,1340.5656,1220.3424,1221.7924,1373.9938,1321.5792,1220.8268,1041.7598,899.21375,777.5292,740.8728,685.36383,678.62555,680.3734,707.7704
20,255.1139003685304,267.82294,277.37357,281.81506,282.12576,282.17514,281.6334,280.9055,279.52536,277.95703,279.61,279.5787,276.03806,277.12988,277.81772,272.32098,269.08636,258.6509,253.74252,254.12573,253.92918,254.60217,254.72046,255.02733,258.70865
23,972.1390322369516,1147.5199,1624.1985,1923.0116,1978.9203,2013.5002,2017.2202,1964.2777,1988.8516,1973.4916,1895.77,1760.192,1607.6469,1613.1964,1815.8628,1746.4178,1603.2343,1370.7706,1178.9772,1009.9139,962.8091,889.0407,876.4017,872.57245,916.6732
24,127.04710125191356,133.3628,138.1325,140.14557,140.4821,140.5237,140.24792,139.89153,139.20404,138.4314,139.2462,139.23064,137.46736,138.0456,138.35793,135.62527,134.00543,128.81955,126.36415,126.55503,126.45709,126.79223,126.85118,127.00401,128.8373
25,183.0924051513965,197.91068,217.74298,224.4168,227.07562,226.94727,224.0396,225.12794,225.25258,223.89156,224.52179,228.82826,236.00288,247.46837,260.66705,251.52982,242.51945,226.19618,207.49861,193.1179,185.13745,182.03067,181.94812,181.97829,186.20943
26,158.79224441604126,187.67033,257.90128,318.8515,334.23618,331.40482,330.59433,323.62537,329.4992,328.34045,314.18378,288.04294,260.29205,259.50992,288.84055,276.50418,255.24934,216.9605,189.81726,162.59674,153.41049,144.12164,143.10066,142.15395,149.10934
27,730.4549969280818,824.47815,1016.67163,1182.9808,1207.7395,1224.0365,1221.274,1185.7156,1202.1173,1200.3304,1177.3947,1122.5028,1045.9602,1043.5269,1139.1423,1098.5419,1024.5858,907.52924,829.3878,743.6648,715.8449,696.50604,686.1508,685.45703,712.3301
29,198.3472933786834,208.20738,215.64632,219.1071,219.20154,219.38705,219.02785,218.40018,217.32689,216.12062,217.39272,217.39268,214.61554,215.51811,215.99922,211.73972,209.21066,201.11447,197.28111,197.579,197.4262,197.94939,198.0414,198.27998,201.14215
30,1289.2482546953506,1502.5386,2139.5186,2619.6582,2733.0479,2744.2583,2818.7905,2667.4585,2729.326,2712.4707,2605.8472,2349.8582,2024.6366,1983.3295,2200.593,2153.3943,1959.021,1659.4802,1462.4595,1276.7074,1209.2261,1164.4651,1156.5221,1146.8494,1193.4539
31,329.34074566121467,345.74774,358.0644,363.81076,364.0408,364.27576,363.5763,362.6366,360.85483,358.85205,360.96414,360.92368,356.353,357.85165,358.65036,351.57782,347.37863,333.90683,327.5704,328.06506,327.81128,328.6801,328.83282,329.22903,333.9814
32,144.13197488436305,151.2969,156.70256,159.21742,159.37369,159.3756,159.11475,158.70369,157.95624,157.0472,157.97157,157.95387,155.9535,156.60944,156.959,153.85832,152.02602,146.12202,143.3572,143.5737,143.46262,143.84285,143.9097,144.08305,146.1629
33,1228.2802120925924,1476.2949,2095.7036,2589.6882,2707.7507,2719.849,2774.2705,2629.9463,2686.2163,2689.9307,2530.676,2311.169,1978.9467,1930.5562,2157.3208,2106.8286,1919.8518,1621.2366,1414.3951,1225.2639,1150.8918,1088.1969,1089.6747,1088.7462,1130.5107
34,183.02284208310985,209.48257,246.12505,262.76996,266.9712,266.76196,259.75208,264.16998,264.71396,261.72443,261.80264,272.796,303.1275,327.45175,356.50772,349.68875,322.71667,291.6196,250.66646,210.18439,187.1686,180.5917,179.67984,180.00893,186.55899
35,276.65165530579384,354.09818,507.76508,635.2988,657.06396,667.12286,666.2506,647.33575,659.98285,649.54614,630.45856,569.24097,512.3151,524.8569,614.03595,590.4084,526.0634,440.94882,360.2746,290.82455,270.29715,244.1509,237.04349,237.86073,254.35852
3,196.4396297119576,203.73146,205.96463,206.21281,206.19284,206.10735,205.02356,204.12897,203.0593,204.30011,204.57527,201.66975,202.54881,203.282,199.24951,196.81953,189.12013,185.52177,185.85048,185.58784,186.21214,186.21611,186.34917,188.76515,199.3722
4,239.8335906385871,320.6729,393.04968,411.3618,415.3493,412.5887,402.0512,408.50806,404.68417,391.80417,365.0133,335.30524,335.6025,378.06647,363.1415,333.82758,286.9491,248.20729,214.57082,201.8631,189.91228,185.90617,186.09717,194.53334,237.21632
5,163.67980784394032,169.75565,171.61633,171.82315,171.83037,171.73524,170.83224,170.07722,169.19557,170.22948,170.45876,168.03772,168.77016,169.38106,166.02112,163.99634,157.581,154.58272,154.85663,154.63776,155.15796,155.16127,155.2721,157.28517,166.11076
6,68.63833243477316,71.18617,71.96649,72.04848,72.04622,72.01635,71.66872,71.32508,70.95135,71.38489,71.481026,70.47944,70.772934,71.02913,69.62015,68.77106,66.08081,64.82541,64.93838,64.84659,65.06472,65.06611,65.11257,65.95618,69.65772
7,303.4206871419421,398.24655,488.95786,509.06485,512.7625,510.97153,500.78735,511.49237,506.4155,486.9742,453.61432,413.64053,412.94586,456.35803,436.09106,408.59723,346.9256,307.39172,269.5012,256.35107,240.88516,238.77628,238.55774,249.18683,299.15976
9,101.0325628622809,104.78289,105.93148,106.05218,106.04885,106.00484,105.43999,104.98143,104.43719,105.07537,105.21691,103.7225,104.174614,104.551704,102.477745,101.227936,97.268,95.4105,95.58637,95.451294,95.77236,95.774414,95.84284,97.085434,102.533104
10,139.42918049766485,208.7574,257.03162,271.20605,277.0111,274.61005,265.66266,276.0064,270.21948,263.25098,235.52525,214.30348,221.24278,254.73183,246.73456,217.36618,182.06775,151.37622,120.57436,111.56087,100.606,98.45401,98.34427,106.30474,136.97919
11,469.2908680872941,631.35266,795.7081,837.5604,846.8008,839.96265,815.46686,830.8605,829.1261,796.163,733.0013,660.9072,660.3081,737.8266,699.99854,654.44525,552.8325,478.04208,413.91537,387.28488,365.08347,359.5986,355.2652,375.80438,454.58548
12,216.40214973865136,277.60843,341.54434,359.24142,359.10822,360.01572,349.2041,357.56186,357.16238,341.0858,313.3146,288.5002,287.0969,313.12598,303.46243,279.7424,240.46014,216.88336,189.88362,184.62788,173.8353,172.60828,172.73381,180.18199,212.13469
13,303.5686835141534,314.8372,318.28833,318.71347,318.62784,318.23636,316.8339,315.45157,314.09625,315.71585,316.14117,311.65112,313.00943,314.14255,307.91095,304.1557,292.25748,286.69675,287.20468,286.7989,287.76358,287.76978,287.9753,291.70892,308.10046
14,125.32683665763471,129.96826,131.32181,131.55339,131.54929,131.48955,130.80331,130.22525,129.55013,130.34177,130.51736,128.6636,129.22438,129.69218,127.1195,125.56921,120.65709,118.3529,118.571045,118.40349,118.80179,118.804306,118.88917,120.4306,127.19778
15,167.10246937538517,173.30533,175.20494,175.40456,175.39189,175.3264,174.40445,173.63365,172.73357,173.78908,174.02759,171.55147,172.29927,172.92299,169.49268,167.42563,160.8761,157.8039,158.09474,157.87135,158.40242,158.40576,158.51898,160.57413,169.59703
16,238.5319554399381,264.48132,272.13248,275.15656,276.41702,272.119,273.93265,274.70612,271.84158,273.24963,278.7396,291.71057,304.17944,321.67926,310.374,299.60107,278.4887,252.53117,232.3414,221.8847,218.12424,217.12048,217.10529,223.33682,244.46738
17,337.57539050374714,350.07736,353.94388,354.37036,354.33606,354.18906,352.81973,350.76962,348.95105,351.0834,351.56543,346.56317,348.0738,349.33383,342.4041,338.21738,324.99707,318.81345,319.37827,318.92697,319.99976,320.0066,320.23526,324.3871,342.61484
18,873.9214694497902,1162.5771,1436.3912,1498.1919,1521.1195,1518.8215,1483.9817,1496.8024,1482.8245,1428.0745,1339.4814,1223.2742,1231.5297,1376.6526,1330.622,1219.1361,1045.9615,901.3792,776.2658,738.504,684.4747,680.0646,677.89624,696.5517,852.0089
20,268.6586059171443,278.60822,281.6952,282.06174,281.9871,281.88046,280.3984,279.1591,277.71188,279.42447,279.7853,275.81158,277.01373,277.99802,272.5015,269.16962,258.64813,253.70879,254.17642,253.81735,254.67111,254.67656,254.85843,258.16272,272.6693
23,1140.1294989735654,1555.3884,1902.4078,1979.5092,2024.2678,2013.3281,1965.5369,1984.5592,1970.1179,1892.2415,1757.4274,1611.1636,1618.8312,1822.221,1751.884,1591.6349,1365.9939,1178.8676,1009.476,964.96625,884.4057,880.69714,874.15875,909.47974,1128.295
24,133.79238473029818,138.7588,140.28462,140.38008,140.42941,140.37694,139.63573,139.02954,138.3009,139.14606,139.33353,137.35454,137.95325,138.4527,135.71048,134.04898,128.80714,126.36005,126.58021,126.40141,126.82656,126.82928,126.91988,128.5654,135.7897
25,198.5687214858852,217.69511,224.04958,227.21579,227.04683,224.35507,224.84341,225.32422,223.72578,224.66135,228.93822,237.29659,247.20497,260.21155,251.88783,242.4627,226.06894,207.4438,193.23714,185.01738,182.21185,181.96991,181.92508,186.23648,202.82184
26,185.9494256418721,246.08168,315.86896,331.46957,334.43423,331.238,322.7311,329.42426,326.96915,314.9703,288.2899,260.25815,259.11005,290.47583,275.3039,255.15814,217.81174,188.68813,162.5643,153.34882,144.33261,142.81577,141.83633,148.98247,179.80539
27,821.0857866377179,996.59845,1178.6995,1204.513,1220.8063,1217.8232,1189.6194,1202.0775,1201.5332,1177.9019,1124.3153,1045.783,1047.0752,1140.782,1101.4446,1022.7303,907.1004,829.337,742.62286,715.8856,693.71545,687.6804,684.48505,713.7832,819.3793
29,208.8781020931356,216.63165,219.00633,219.29884,219.24893,219.15794,218.10004,217.0544,215.91696,217.23633,217.52899,214.48088,215.37404,216.15366,211.86594,209.27866,201.0951,197.27469,197.61845,197.33922,198.003,198.00723,198.14871,200.71771,211.99626
30,1505.9886486327778,2128.0671,2628.9011,2733.9207,2751.1729,2807.194,2662.9482,2728.1145,2726.764,2617.966,2368.094,2031.7423,1973.4265,2218.763,2131.5068,1973.9467,1627.6665,1461.0128,1286.1958,1209.2571,1158.552,1149.6598,1148.1815,1201.9479,1465.1907
31,346.8263605912445,359.67087,363.64337,364.12924,364.09695,363.8954,361.98184,360.38208,358.5137,360.70453,361.19043,356.06033,357.6125,358.90695,351.78732,347.49146,333.90332,327.52682,328.13055,327.66696,328.76907,328.77612,329.01096,333.2766,352.0039
32,151.7843417570767,157.4186,159.14417,159.35674,159.31392,159.11818,158.41695,157.72578,157.04813,157.85793,158.07059,155.82556,156.50471,157.07127,153.95547,152.07785,146.12874,143.34837,143.60234,143.39944,143.88179,143.88489,143.98766,145.85446,154.05023
33,1445.575053899045,2080.2434,2593.2778,2704.8872,2718.7632,2777.7764,2619.1492,2684.9675,2680.191,2568.464,2295.7307,1987.622,1916.9716,2159.9607,2105.0664,1919.6929,1614.9756,1413.1254,1228.6139,1148.4609,1096.1111,1093.9396,1087.7666,1121.9255,1387.5465
34,207.8306473764348,245.8924,262.4659,266.9626,266.80417,259.7139,263.97443,264.92377,261.69666,262.11914,272.55798,303.09473,327.78018,356.9326,350.963,322.03458,291.89285,246.75977,210.12703,186.91696,181.62225,179.49745,179.67984,186.31354,212.81783
35,337.30791961479383,492.6583,627.1048,651.424,668.1075,662.04755,645.6437,662.8004,650.93164,633.4849,567.7888,514.44543,524.8524,614.88007,591.4546,525.3308,438.95114,363.0808,290.97333,270.0876,244.6151,237.79092,237.46571,253.1934,329.11905
3,203.01793086101603,205.52716,206.35362,206.24654,206.01932,205.29971,204.28603,203.03925,204.23235,204.80183,202.03133,202.6474,203.14104,198.82422,197.34312,189.21405,185.504,185.81577,185.57779,186.27618,186.21738,186.32452,189.11006,198.90872,206.71892
4,326.6081460410888,399.73373,409.61026,420.0228,414.44672,402.98514,407.3703,404.32178,390.7622,363.3936,335.0488,333.9596,378.63495,365.63535,334.6936,288.22763,246.7631,215.07277,199.96031,190.26271,186.4368,185.94173,195.22285,236.64723,320.27585
5,169.16105961373998,171.25185,171.94041,171.85126,171.67058,171.06223,170.21764,169.18156,170.17297,170.64746,168.33899,168.85237,169.26363,165.6667,164.43265,157.65923,154.56789,154.8277,154.6294,155.21129,155.16231,155.2516,157.57263,165.7371,172.16818
6,70.93686874227487,71.813644,72.10239,72.084885,71.98559,71.73413,71.41355,70.944305,71.361206,71.56018,70.59212,70.79781,70.97989,69.47152,68.95405,66.113625,64.81728,64.937996,64.843094,65.0871,65.06656,65.104,66.077286,69.50044,72.19787
7,407.4874337142756,493.2622,509.3061,519.84155,512.33813,501.69693,509.45212,509.92883,484.90326,452.16812,414.12173,412.97952,454.4233,436.11322,408.85266,347.02023,306.60083,270.71127,255.85231,240.92157,239.36555,238.08763,246.90729,297.4422,396.44348
9,104.41590575161442,105.70644,106.13151,106.10576,105.959595,105.58944,105.052704,104.42857,105.040535,105.3334,103.9085,104.22535,104.47922,102.259,101.49729,97.316315,95.40815,95.562584,95.446106,95.80531,95.775055,95.830185,97.262825,102.30247,106.27207
10,207.66609040476484,267.0411,269.47128,274.9923,274.16782,265.55576,274.94388,269.01874,261.13803,234.46838,213.38773,222.7599,254.49347,247.16263,216.8475,181.833,151.28505,119.86945,111.704185,100.63449,98.57746,98.12642,106.34294,136.44382,198.39055
11,651.3301932326157,809.66473,832.4735,845.9267,841.4433,814.28174,830.91156,827.35126,794.89777,726.4092,661.0876,657.73114,732.16705,700.8107,657.1763,548.62213,475.4836,410.2345,387.31726,364.76062,360.4321,354.26382,372.3177,454.80872,627.3456
12,286.46159300258347,346.4707,359.05978,360.03882,359.53604,350.17395,357.18216,356.47287,340.40295,314.22498,286.58078,286.91373,311.44424,303.75198,280.26202,239.37906,215.65977,190.36948,183.9922,173.43614,172.80586,172.72777,180.74324,213.103,280.00916
13,313.7344846944321,317.6122,318.88937,318.7681,318.2026,317.20438,315.69406,313.76743,315.66058,316.4912,312.20993,313.16196,313.9247,307.25366,304.96494,292.4026,286.66928,287.15097,286.78326,287.8626,287.77167,287.93726,292.24188,307.38428,319.4537
14,129.52373763327628,131.11111,131.5764,131.6199,131.43861,130.945,130.33273,129.53947,130.29851,130.6619,128.8943,129.28732,129.60219,126.848175,125.903275,120.717,118.35003,118.541565,118.39706,118.842636,118.80512,118.87348,120.65061,126.90208,131.88492
15,172.69833802935506,174.83287,175.53581,175.49318,175.15776,174.63934,173.77698,172.71928,173.73143,174.2158,171.87738,172.38313,172.80307,169.13095,167.87102,160.95602,157.80003,158.05545,157.86276,158.45688,158.40686,158.49799,160.86754,169.20287,175.84657
16,264.7136117137308,272.3482,275.31293,275.44977,272.2911,273.77625,274.77237,271.6611,273.03085,279.0681,291.48767,303.50903,322.1506,309.8842,299.91513,278.48947,253.15254,231.75256,221.79933,218.00381,217.19159,217.1404,223.58734,243.63435,269.22736
17,348.8799963131801,353.15576,354.61234,354.42834,354.03784,352.80103,350.65863,348.92227,350.9669,351.94556,347.22162,348.24332,349.09155,341.67325,339.1281,325.14764,318.78278,319.31866,318.9096,320.1098,320.00873,320.19296,324.9798,341.81845,355.2399
18,1193.2853288814013,1463.2068,1497.2516,1520.507,1517.5416,1480.1888,1502.9005,1481.9117,1428.967,1327.1304,1219.096,1224.1667,1379.1946,1333.3026,1214.0148,1040.8317,898.4678,776.68823,740.7973,688.4362,679.2939,677.70984,700.44446,857.3653,1163.1873
20,277.6553507114643,281.05817,282.21082,282.1101,281.62067,280.77588,279.38956,277.689,279.3162,280.11575,276.30606,277.14862,277.82364,271.9066,269.8943,258.7681,253.7026,254.11327,253.80345,254.75871,254.67828,254.82483,258.63437,272.0355,282.7169
23,1572.2093819758854,1942.8009,1989.484,2015.2054,2015.7871,1964.8043,1983.181,1965.3668,1892.732,1744.253,1602.9926,1608.4237,1820.8307,1768.7213,1609.814,1370.7587,1165.5382,1010.67725,963.7446,889.40576,876.6441,874.4921,922.2608,1123.8901,1547.8232
24,138.2727769988905,139.98184,140.54138,140.43993,140.242,139.82677,139.14893,138.28731,139.09985,139.48775,137.60083,138.0204,138.35663,135.41649,134.41208,128.86902,126.34429,126.57954,126.39448,126.87022,126.83012,126.903114,128.80026,135.47404,140.79347
25,218.32375940535508,224.04005,226.68149,227.01071,224.05638,224.93266,225.24278,223.88936,224.46146,228.83846,237.04568,247.64302,260.2166,251.10446,242.58466,226.24536,207.43245,192.92033,185.12119,182.18776,182.1072,181.96991,186.2009,202.79874,221.91739
26,257.26279238982545,321.54507,329.74487,339.83826,330.4204,322.72406,329.46518,325.86462,314.5758,288.87476,259.64233,259.21732,289.4796,276.45892,254.67877,217.11412,188.39005,162.57925,154.07442,144.31235,142.50117,141.65085,149.28513,177.35051,249.31801
27,1023.473090699345,1190.1884,1206.5265,1224.5358,1218.5396,1183.033,1201.5842,1200.1674,1170.1576,1118.8223,1044.1178,1045.222,1137.9214,1101.0564,1024.8915,912.83636,831.7157,744.9445,717.91754,696.3947,686.013,685.0818,717.7147,822.4921,1002.82605
29,215.8729384254339,218.54108,219.41985,219.33646,219.06445,218.29912,217.32355,215.89561,217.16426,217.76978,214.8239,215.44969,216.0038,211.41364,209.83884,201.19164,197.25,197.61736,197.32849,198.07112,198.00858,198.12251,201.08447,211.50359,219.80823
30,2101.961910245057,2662.558,2739.5757,2758.9412,2803.5857,2658.9744,2725.0566,2706.2954,2600.1003,2359.1323,2018.3341,1992.5657,2205.2676,2142.2964,1967.8597,1643.1793,1464.0232,1284.5496,1214.3489,1152.0491,1141.3048,1145.6084,1202.039,1456.4655,1970.6447
31,358.44075962949654,362.83362,364.3302,364.19168,363.75827,362.46933,360.67957,358.48425,360.58484,361.59033,356.69885,357.78653,358.65808,351.0365,348.42166,334.06357,327.5188,328.04895,327.64908,328.88214,328.77835,328.96753,333.88562,351.1857,364.975
32,156.86724234721606,158.8061,159.44469,159.38405,159.1013,158.60219,157.84703,156.88371,157.83029,158.2456,156.10497,156.58098,156.96236,153.62683,152.48247,146.2013,143.33464,143.57549,143.39163,143.9313,143.88583,143.96863,146.12094,153.69214,159.72685
33,2052.7079054433434,2616.642,2696.9897,2723.4055,2779.3325,2611.3015,2680.851,2687.6465,2525.8901,2287.5571,1987.0206,1925.5247,2150.4712,2104.9072,1902.551,1617.4178,1412.5127,1221.1438,1154.5337,1093.1932,1091.4357,1089.3693,1122.136,1394.621,1932.5493
34,249.1525741388763,262.41577,266.69583,266.5099,259.63187,263.86035,264.6123,261.75763,261.84442,272.99957,303.00595,328.13138,356.46753,349.46286,323.39948,291.64267,246.7696,209.52339,186.96936,181.61705,179.60707,179.60562,186.37868,212.3971,251.31544
35,501.8934000212939,658.083,651.38745,664.91876,663.3175,643.2309,660.70996,649.3625,627.6881,563.8004,514.8316,523.1648,615.1612,592.9969,524.6395,439.46405,365.3256,291.67368,268.14383,244.76218,238.32408,237.45287,251.54033,326.1542,488.28116
3,205.4524202626361,206.21088,206.11194,205.90703,205.09949,204.1763,203.06554,204.21674,204.48936,201.64627,202.56313,203.0385,199.00212,196.52058,189.37021,185.56615,185.83902,185.59616,186.23439,186.21707,186.1797,188.61357,199.45657,206.52777,208.58731
4,403.4476318569753,413.2116,422.7165,415.5301,405.17563,408.56516,403.6137,392.0907,361.64673,335.0909,335.20184,378.48975,363.55356,334.61343,286.50473,246.31703,213.13326,200.5102,188.61363,185.9546,186.15825,194.54062,235.73642,316.15378,384.18942
5,171.18955436319342,171.82155,171.73904,171.5684,170.89624,170.12627,169.2007,170.1441,170.38713,168.01811,168.78209,169.17822,165.81497,163.74724,157.78935,154.61963,154.84706,154.64471,155.17651,155.16205,155.13089,157.15889,166.19366,172.08559,173.79924
6,71.78750816316132,72.05255,72.01795,71.88957,71.66421,71.34161,70.96597,71.35574,71.45101,70.45759,70.77794,70.97125,69.533714,68.666595,66.16821,64.83899,64.93436,64.85423,65.07252,65.066444,65.0534,65.90382,69.6925,72.162636,72.88184
7,501.617828083281,510.62433,512.59314,513.40704,501.94348,511.30917,508.25674,485.29767,448.9903,413.8618,413.0935,454.6412,434.01987,409.34546,343.86795,307.8589,269.38596,255.10284,241.38684,239.06255,238.37628,249.92496,296.43124,405.04184,478.55048
9,105.66800902561974,106.05812,106.0072,105.81823,105.48651,105.01168,104.46973,105.02273,105.172714,103.710434,104.18201,104.4265,102.35052,101.07419,97.39664,95.44011,95.580444,95.449646,95.78383,95.7749,95.75566,97.00747,102.58425,106.22107,107.27884
10,268.1459185272648,278.70538,277.92047,275.9961,268.36288,274.45056,269.60846,262.27005,233.83376,213.56487,222.07991,254.76353,247.37729,216.65605,182.09218,151.59886,120.86765,111.89519,100.30644,98.404724,98.34669,105.53107,136.12866,197.50813,250.90788
11,817.4237694866797,838.5406,842.58386,840.3326,818.0359,832.38983,826.7369,793.9024,725.2661,661.27875,659.69415,734.656,696.8114,656.5587,550.3739,476.39343,411.9538,384.93793,363.82944,360.31717,354.48904,375.01102,453.87833,632.4266,776.5962
12,350.74220585734577,359.95126,359.9752,360.98965,350.85132,358.09103,356.1512,340.05276,312.90378,286.79688,287.35815,312.7216,302.28055,279.85913,239.36949,214.90492,190.0308,183.19447,173.90251,173.03067,172.47769,180.2913,211.79262,277.55847,337.88614
13,317.4966315879211,318.6688,318.51584,318.17908,316.7402,315.6957,313.80798,315.58713,315.92523,311.61475,313.03165,313.7664,307.52863,303.69373,292.644,286.76523,287.187,286.8116,287.79797,287.77124,287.7134,291.47464,308.23087,319.1584,322.34116
14,131.0769214589074,131.53313,131.51122,131.26323,130.85178,130.25063,129.55405,130.27646,130.46246,128.64864,129.23357,129.5369,126.96171,125.37847,120.81661,118.38964,118.56375,118.401474,118.815956,118.80492,118.78107,120.333885,127.2516,131.76295,133.07697
15,174.769250050903,175.41449,175.33023,175.01768,174.3528,173.68372,172.73882,173.702,173.95009,171.53151,172.33844,172.7158,169.28229,167.1713,161.08887,157.85286,158.08499,157.86862,158.42131,158.40656,158.37482,160.4452,169.66885,175.68405,177.43599
16,275.922298141032,276.19278,275.65646,271.908,274.0417,274.67413,271.7806,273.27805,279.06924,292.2435,303.9597,321.96893,309.80313,299.21988,278.51956,253.03871,231.07211,221.73492,218.17863,217.27101,217.11032,223.23831,242.9001,268.79623,274.40448
17,353.063590589112,354.29254,354.197,353.84497,352.45724,350.8705,348.97415,350.90747,351.40848,346.5228,348.15298,348.9154,341.9789,337.71448,325.42682,318.91068,319.35855,318.94128,320.03796,320.00815,319.944,324.12665,342.75992,354.91153,358.4507
18,1477.900617295769,1523.2056,1531.5684,1521.6818,1478.3378,1503.3112,1485.0472,1425.0748,1327.0115,1218.8052,1222.3257,1382.917,1333.3845,1218.7561,1039.6188,902.2521,774.01337,740.8075,687.17163,680.6833,678.0018,700.0501,855.9093,1177.3995,1417.7498
20,280.98485469046454,281.96286,281.88815,281.5887,280.30588,279.2395,277.72043,279.2689,279.66776,275.80106,277.03336,277.6835,272.1631,268.7561,258.99023,253.80432,254.16074,253.81294,254.7015,254.67787,254.62677,257.95544,272.78482,282.45554,285.27225
23,1958.089471654886,2008.0366,2044.9875,2017.1691,1958.5144,1990.0143,1962.0968,1892.4922,1733.5386,1604.9883,1606.6544,1828.2863,1764.5266,1609.0415,1375.065,1176.4347,1011.32904,955.35034,888.32275,879.80237,869.98047,913.05396,1128.3716,1539.6228,1866.657
24,139.93087492506243,140.44748,140.38068,140.1769,139.59752,139.0617,138.26665,139.08928,139.27495,137.3385,137.96303,138.28677,135.53766,133.8475,128.98181,126.38441,126.57245,126.41626,126.841675,126.829956,126.80445,128.46217,135.84717,140.66325,142.06604
25,226.7291496394029,227.45107,227.0505,224.33357,224.87729,225.15329,223.66202,224.59789,228.87413,236.9711,247.38686,260.57977,251.26616,242.52666,226.29884,207.50833,193.07364,185.11884,182.15926,182.07306,182.14343,186.19234,202.68553,221.92976,226.30554
26,322.7613175928822,330.42303,332.66064,330.56128,323.26678,330.27316,326.09814,315.2976,287.8886,260.29572,260.0697,287.4756,274.74118,254.73045,214.38274,188.23016,162.60161,153.70364,144.10619,142.76611,140.81676,149.49646,177.95984,249.4158,305.82104
27,1198.310518593059,1217.7198,1226.332,1222.3765,1192.1919,1201.9911,1200.8691,1174.8105,1118.5398,1044.1709,1043.7069,1138.8268,1100.6451,1022.7367,919.9027,829.73987,744.5456,716.06213,696.2371,687.0987,684.2638,717.9126,821.708,1010.0808,1149.923
29,218.4615786428986,219.2681,219.16287,218.93109,218.08635,217.10463,215.96156,217.14763,217.43753,214.41435,215.38937,215.97754,211.60284,208.96411,201.36115,197.3127,197.60623,197.36243,198.02667,198.00827,197.96849,200.55647,212.08609,219.60503,221.79495
30,2678.0490116185456,2734.3328,2749.5737,2818.1353,2668.3408,2745.0754,2715.4348,2581.0298,2325.728,2018.9341,1982.486,2202.302,2131.5781,1963.6527,1637.5344,1468.294,1284.0676,1204.2737,1156.2336,1143.7986,1139.5145,1196.6547,1464.7896,1990.0795,2529.3142
31,362.7390017932592,364.0015,363.90344,363.51862,362.11765,360.4859,358.52478,360.52386,361.03867,356.01886,357.63776,358.4771,351.35062,346.96927,334.345,327.6229,328.1103,327.66125,328.80835,328.77777,328.71182,333.00894,352.153,364.63757,368.2738
32,158.74831579396056,159.3344,159.25792,159.08954,158.3701,157.84785,156.90399,157.79356,157.96262,155.80737,156.51582,156.8832,153.76431,151.84686,146.322,143.38261,143.5935,143.4058,143.89899,143.88562,143.8567,145.73732,154.11543,159.5792,161.17058
33,2640.245828780808,2694.2773,2711.5088,2790.9392,2623.8186,2700.9873,2685.2212,2559.6133,2258.087,1973.435,1923.2593,2157.905,2111.8657,1930.6349,1611.6376,1419.3201,1222.6252,1151.1995,1096.0225,1085.2408,1087.3585,1129.7158,1415.383,1968.119,2495.8022
34,267.3146184545074,267.04218,266.96475,259.68665,263.92322,264.80505,261.774,262.24362,273.02982,302.87778,328.27798,357.63876,349.28912,323.42285,291.09293,249.36272,209.8411,186.99121,181.66197,179.60112,179.63779,186.51666,212.52357,250.4887,261.83392
35,648.7371577087938,673.6654,668.2002,665.0215,648.1347,660.6079,649.32587,629.60095,563.7759,514.196,523.8804,616.88,592.2617,523.01166,440.67776,365.8959,290.94888,268.7119,244.43942,237.44267,238.24208,255.06834,331.34857,490.622,602.6655
3,206.18794684780644,206.06311,205.64325,204.59126,204.29318,202.99425,204.15646,204.86879,201.88422,202.54364,203.0781,199.03606,196.7457,189.18492,185.5906,185.80661,185.5743,186.27808,186.2899,186.35321,188.95073,199.51794,206.71945,208.73175,208.85425
4,419.0184535493495,421.19092,417.12845,403.23245,409.6817,405.1743,391.4918,361.5514,334.6289,335.26602,378.32465,364.33563,333.8006,287.78613,247.65169,214.4564,200.81706,188.96225,186.52464,185.55981,194.59596,236.31705,316.91522,386.90665,407.1824
5,171.8024187343049,171.69843,171.34856,170.47205,170.21085,169.1413,170.1097,170.72562,168.21648,168.76587,169.21117,165.8433,163.93489,157.63496,154.64003,154.82004,154.62646,155.21292,155.22278,155.27548,157.43977,166.24472,172.24529,173.92203,174.0571
6,72.04450986053553,72.00091,71.85419,71.616196,71.38247,70.92859,71.32556,71.58359,70.54075,70.77115,70.95786,69.515045,68.74529,66.10344,64.84756,64.923035,64.84185,65.08359,65.09191,65.11402,66.02162,69.71391,72.23022,72.93275,72.99
7,520.9340905300018,522.0532,511.71225,501.3784,510.14767,509.18784,484.70648,449.07794,411.68207,411.68805,456.13684,434.20212,408.71243,344.66547,306.68005,270.51895,258.2548,241.72044,239.33672,238.83797,249.58308,297.42926,397.35242,477.8342,504.21786
9,106.0463040573405,105.98209,105.76616,105.41581,105.071815,104.40374,104.98392,105.38169,103.83283,104.17198,104.446846,102.36797,101.190025,97.301315,95.45272,95.5638,95.444305,95.81366,95.81239,95.844925,97.18089,102.615776,106.31968,107.354614,107.43801
10,280.24823237376484,280.28857,275.14032,266.5308,275.4042,269.26175,263.73392,234.22574,213.30275,220.56508,253.8899,247.53287,217.4704,181.98396,150.64287,120.746445,112.02843,100.724304,98.53914,98.549324,105.88111,135.95338,202.62111,250.60779,262.79965
11,851.4259068702481,852.8621,841.4046,816.19763,831.536,828.9992,796.4503,724.9906,661.61884,658.6659,737.2475,694.0788,656.0547,550.4227,474.97922,410.5741,388.3847,362.368,360.32236,354.83298,375.67,454.44922,635.5076,770.0201,821.5239
12,364.0464297278484,363.03552,359.33862,350.75745,356.91153,355.55817,340.8827,314.00314,287.71814,287.1347,311.44626,302.19687,279.2195,238.595,214.45918,190.87671,183.87202,174.30612,173.23584,173.22447,181.03273,210.78093,280.77902,332.35458,351.8515
13,318.6332802238262,318.44034,317.79163,316.16876,315.85562,313.91272,315.49384,316.59476,311.86584,313.00153,313.82745,307.58118,304.04175,292.35757,286.80313,287.13687,286.77795,287.86542,287.88373,287.9816,291.99576,308.32574,319.45462,322.56433,322.75366
14,131.54618125303426,131.46686,131.24762,130.76408,130.33736,129.51471,130.25006,130.72171,128.80042,129.22116,129.56212,126.98336,125.52214,120.69839,118.40526,118.54308,118.394844,118.85303,118.85138,118.89177,120.548996,127.29075,131.88535,133.16911,133.24724
15,175.39492985315792,175.28877,174.93158,174.35217,173.86589,172.67819,173.66678,174.29568,171.73396,172.29492,172.7621,169.31113,167.36285,160.93123,157.87367,158.05742,157.8598,158.47072,158.46854,158.52237,160.73196,169.721,175.84709,177.55884,177.66309
16,277.57597363630174,275.9878,271.97287,273.78186,274.61453,271.80365,274.1444,278.97766,292.0537,303.61816,322.028,309.13773,299.68192,278.35098,252.8588,231.75444,221.7737,218.08398,217.23878,217.19012,223.06316,243.79951,268.81134,274.2355,277.5959
17,354.3275701363084,354.11395,353.39157,351.5837,351.0715,348.83923,350.9979,352.1068,346.93164,348.06497,349.00885,342.03738,338.1014,325.1085,318.93173,319.32404,318.90363,320.11316,320.13342,320.24216,324.70593,342.86545,355.24097,358.69907,358.90952
18,1535.6901297518975,1548.1879,1517.8241,1478.9529,1497.6659,1490.043,1429.876,1324.6329,1219.0609,1219.7982,1379.8358,1337.7744,1218.4594,1044.0789,896.03644,777.67126,741.0445,690.0404,681.8721,678.9221,699.78406,857.3746,1168.3208,1422.0072,1477.4469
20,281.9907899351838,281.82077,281.1865,279.80957,279.5623,277.6229,279.2124,280.2234,276.10483,277.04657,277.73758,272.20963,269.07715,258.77396,253.82106,254.13326,253.79872,254.78091,254.77744,254.86401,258.41647,272.86856,282.71768,285.4698,285.63736
23,2036.378118119605,2036.6323,2024.8209,1954.0913,1972.9586,1969.0946,1889.0815,1732.7485,1601.5364,1608.5093,1826.4279,1764.2244,1615.9401,1376.4352,1173.7693,1010.98663,961.919,890.1566,880.24457,872.4969,913.3974,1120.4596,1542.464,1870.4219,1971.6298
24,140.43183217084206,140.3468,140.03127,139.73741,139.20764,138.25665,139.05028,139.53337,137.5006,137.9497,138.31374,135.56078,134.00084,128.85132,126.39801,126.54821,126.39216,126.86335,126.87949,126.92268,128.6918,135.88893,140.79385,142.16435,142.24782
25,228.0204864741579,226.94499,224.29158,225.25961,225.14389,223.7697,224.57361,228.93121,237.01262,247.1734,260.49744,251.68703,242.1929,226.24748,207.42216,193.53302,185.1215,182.20078,182.05365,182.10364,186.37178,202.94687,222.12401,226.41809,229.29742
26,336.21641328469934,337.1693,330.0448,322.68692,329.3237,327.3878,316.6944,288.75687,258.94424,260.76822,288.16754,274.80103,254.64719,214.18498,188.42694,163.321,153.79243,144.34532,142.77982,140.88037,150.33473,178.74179,245.93893,305.0854,323.1422
27,1234.1370020333725,1225.9899,1222.729,1190.6178,1202.6173,1201.113,1175.6436,1116.1788,1043.4586,1042.9404,1135.5193,1097.3073,1025.3214,915.62384,829.7937,744.71515,716.73926,695.3644,687.2792,686.1851,717.8961,820.56866,1002.5992,1153.2305,1205.8143
29,219.2436784532816,219.11093,218.6645,217.54782,217.22897,215.84773,217.05586,217.84099,214.66745,215.36858,215.93692,211.5461,209.20363,201.16403,197.34215,197.5684,197.32475,198.06042,198.08572,198.15303,200.91505,212.15128,219.80884,221.94858,222.07878
30,2798.854312014452,2780.1873,2820.4065,2659.6733,2722.637,2710.4897,2611.262,2298.1743,2015.5454,1983.3685,2186.05,2138.327,1949.9725,1654.2119,1455.5203,1286.6189,1208.8613,1156.359,1145.7749,1139.215,1191.7502,1452.5436,1999.6299,2526.061,2678.4934
31,364.037619638481,363.8181,363.07593,361.22177,360.66528,358.39893,360.4508,361.75607,356.4391,357.60342,358.547,351.41058,347.36688,334.0177,327.67172,328.0475,327.6429,328.91092,328.90637,329.01816,333.60428,352.26135,364.9761,368.52887,368.7451
32,159.3166401119131,159.22017,158.89581,158.08438,157.92781,156.95636,157.74692,158.29738,155.93292,156.50076,156.91373,153.79059,152.02087,146.17879,143.40157,143.56844,143.38898,143.93271,143.94186,143.9908,145.99788,154.16287,159.72731,161.28217,161.37683
33,2763.215299791191,2757.7703,2782.0146,2616.3672,2687.8745,2681.4194,2568.7651,2278.8203,1975.3939,1931.9822,2147.1797,2121.109,1931.4841,1606.6958,1423.5708,1228.913,1151.3707,1088.4772,1092.5929,1082.8975,1140.4528,1393.3383,1946.2068,2480.9832,2631.1897
34,269.52921613063427,266.18088,260.3648,262.91217,264.9136,261.73886,262.3597,272.19913,303.04626,327.93008,357.51154,349.4784,322.89844,292.21332,249.07529,210.4005,187.84167,181.53596,179.66986,179.72937,186.7265,212.18471,251.71239,263.26022,269.01416
35,678.2150822562938,677.10504,663.5816,647.8746,660.59656,649.27405,631.12976,564.5423,509.77695,522.3511,612.48535,597.839,528.5691,439.31082,366.65182,291.90433,270.76166,243.83066,238.27287,237.8566,251.32004,328.74008,490.76218,604.78235,614.691
3,205.98075626043453,205.63693,205.25131,204.49234,203.19446,204.2515,204.78351,201.70323,202.45502,202.93591,199.1322,196.75354,189.13843,185.57738,185.86893,185.54459,186.279,186.25134,186.07347,188.83327,198.66714,206.49776,208.65083,209.01962,208.69221
4,426.4724318350187,417.1164,405.29187,408.6556,403.10696,391.68973,361.85406,334.724,335.54663,376.8088,365.35513,333.4857,287.60428,247.49185,213.58026,200.53618,190.2985,187.03383,186.40527,195.241,236.70367,320.8578,387.27338,407.37527,410.21674
5,171.62978088328754,171.34329,171.02196,170.38962,169.25963,170.18887,170.63214,168.10655,168.6921,169.09273,165.92339,163.94138,157.59622,154.62901,154.87193,154.6017,155.21365,155.19063,155.04243,157.34193,165.53581,172.0606,173.85455,174.16187,173.92224
6,71.97211501620477,71.851974,71.717255,71.380394,70.998566,71.36789,71.58276,70.47751,70.740204,70.90822,69.57913,68.70322,66.087204,64.842926,64.94481,64.831474,65.08809,65.085815,65.01629,65.980576,69.41665,72.152756,72.90506,73.03334,72.93344
7,530.0981642792352,518.438,503.39767,508.80948,508.90646,485.50937,449.0568,410.6812,411.7702,456.19214,435.447,409.94608,343.76962,305.9316,270.77808,258.23087,240.9149,238.50577,238.85707,249.43475,297.5639,397.22388,479.28635,503.3981,509.89627
9,105.93974207657408,105.76291,105.564575,105.06876,104.50673,105.05034,105.34338,103.765015,104.12642,104.37373,102.41743,101.19402,97.27743,95.44591,95.59584,95.42903,95.806755,95.7999,95.70109,97.120445,102.17822,106.20565,107.313,107.502686,107.354774
10,286.21063187376484,277.16013,266.61734,274.75983,269.80176,261.88528,235.19437,212.66187,221.52296,257.17627,246.50977,216.92055,181.9098,151.18379,120.98093,113.58258,100.678055,98.71092,98.39433,105.66504,135.82236,199.7612,250.7625,271.0272,268.9309
11,867.768580126285,845.2515,820.4244,829.8603,829.3891,793.90625,725.9305,657.6493,659.3739,731.2343,696.4243,654.42084,545.69855,476.09064,411.0975,387.72995,364.61697,359.8965,355.35175,376.2122,454.88998,628.44476,777.4403,822.3183,833.7973
12,370.3165636548899,364.263,352.56583,355.67734,354.73596,340.17596,314.46875,288.13535,287.33368,311.253,301.33994,280.5974,239.99571,214.94601,190.80899,185.52701,175.1899,173.25511,172.39539,179.96909,213.05064,277.4945,333.2283,352.16223,357.05685
13,318.31309750948674,317.7818,317.18585,315.99524,313.9863,315.6191,316.4628,311.70273,313.08353,313.6077,307.7297,304.05383,292.28574,286.78256,287.23322,286.73193,287.86697,287.82416,287.5493,291.81415,307.01093,319.11206,322.43927,323.00922,322.50327
14,131.41399539553373,131.19496,130.9537,130.33354,129.63637,130.29875,130.65015,128.71632,129.16461,129.47144,127.04467,125.527115,120.66874,118.396805,118.58282,118.37591,118.84444,118.83597,118.7133,120.474014,126.747955,131.74385,133.11757,133.3528,133.14388
15,175.21868202153678,174.92625,174.59818,173.77812,172.83691,173.74763,174.20021,171.62181,172.21953,172.62859,169.39847,167.3695,160.89166,157.86243,158.11041,157.83453,158.45927,158.44798,158.28445,160.63206,168.9973,175.65846,177.48999,177.80377,177.52524
16,277.9666588531272,272.4014,273.6406,274.92493,271.62042,273.20038,279.13803,291.90564,304.36435,322.29282,308.4591,299.93573,278.39865,252.76486,231.18451,221.79651,218.05853,217.14568,217.20361,223.44063,243.69124,269.13986,274.31705,278.34094,276.93005
17,353.9715195596333,353.38156,352.718,351.41385,349.18338,350.99973,352.1753,346.70517,347.91263,348.73904,342.21375,338.11487,325.02853,318.909,319.40994,318.87378,320.1147,320.0672,319.76154,324.504,341.4033,354.86002,358.55997,359.19376,358.631
18,1563.3930314391855,1519.4105,1485.8177,1492.8616,1484.6527,1426.0695,1330.2559,1207.5735,1224.5173,1378.4631,1334.2058,1209.8766,1045.6371,897.75665,778.52386,736.03815,685.5058,677.7793,678.90594,702.24744,866.3029,1167.8098,1404.9639,1493.5527,1499.9762
20,281.70742789441783,281.2379,280.65195,279.65607,277.88126,279.34232,280.07004,275.92447,276.88553,277.5566,272.34113,269.08798,258.6731,253.82869,254.2017,253.77487,254.76253,254.74432,254.48146,258.25577,271.70505,282.41452,285.35916,285.8636,285.41574
23,2074.045802178839,2009.7207,1970.1476,1978.5018,1964.5688,1884.5966,1743.2378,1601.8079,1609.5369,1824.6213,1769.7742,1608.4539,1375.8752,1175.1742,1010.763,964.2039,888.7576,876.96277,876.86884,916.5663,1123.3845,1541.8928,1856.682,1973.9601,1985.7443
24,140.29071745372104,140.05655,139.76508,139.06593,138.38377,139.11288,139.49411,137.37733,137.88937,138.2169,135.62625,134.00621,128.81961,126.39422,126.58754,126.36975,126.872116,126.86771,126.73211,128.61179,135.30951,140.64284,142.10925,142.36043,142.13747
25,228.2736947925368,224.39238,225.08293,225.2053,223.70796,224.65039,229.25113,237.22868,246.82808,260.55112,251.90141,242.29343,226.26385,207.48372,193.27922,185.09892,182.16748,182.0871,182.09335,186.2765,202.60861,221.85007,226.18576,229.14597,228.09291
26,342.6708280286945,334.71808,323.5348,329.66812,327.37073,316.83304,288.13498,259.8562,259.16074,286.2361,274.19043,256.18167,215.18657,188.81909,163.07352,153.72717,144.25462,142.9555,141.92885,149.92229,178.39731,250.50624,305.04706,324.01147,329.8515
27,1250.475137005397,1215.7673,1193.2059,1199.5322,1203.1093,1173.7498,1121.4474,1040.3201,1043.8274,1133.7166,1097.4928,1025.1667,913.9122,830.3673,743.5952,712.43634,694.1296,688.41235,684.5782,715.1466,820.0979,990.26794,1149.1982,1205.9441,1219.8092
29,219.02336864753988,218.6578,218.24771,217.42845,216.06073,217.18457,217.83852,214.47499,215.27443,215.78568,211.74118,209.07559,201.11461,197.32803,197.63808,197.2898,198.0741,198.06721,197.8556,200.79005,211.24669,219.5731,221.8625,222.2547,221.90648
30,2856.623361620111,2818.1887,2669.6465,2732.0864,2703.5479,2609.9292,2347.2842,2010.0796,2000.9087,2196.0151,2126.0103,1961.3635,1638.6776,1458.0698,1277.2427,1212.4058,1162.1155,1145.8708,1142.7952,1203.1733,1486.538,2027.8561,2521.6567,2690.9753,2759.5117
31,363.6718117947565,363.0656,362.38397,361.02365,358.6497,360.61868,361.55792,356.20636,357.4469,358.2959,351.58032,347.38058,333.9357,327.64838,328.1631,327.58487,328.88712,328.8637,328.5243,333.39685,350.75922,364.5847,368.386,369.0371,368.45898
32,159.15654875474337,158.8909,158.59293,157.99762,156.99315,157.80956,158.2314,155.85136,156.54176,156.80385,153.86485,152.02692,146.14287,143.39128,143.61661,143.36597,143.93349,143.91208,143.77464,145.90707,153.50546,159.55603,161.21964,161.50461,161.25163
33,2822.326369965449,2799.921,2641.5796,2699.0417,2675.4458,2568.585,2285.9556,1994.3943,1929.2091,2152.6934,2105.3237,1929.6595,1602.2106,1413.0216,1223.6313,1153.6764,1098.3556,1092.9506,1088.331,1118.9391,1396.8723,1953.4818,2470.5166,2623.756,2709.9126
34,270.5230547131337,260.65848,263.01764,264.59824,261.71393,262.21094,272.7411,302.9993,327.6119,357.6527,349.90598,322.81216,291.89337,249.19908,210.02896,187.15079,181.595,179.47032,179.66986,186.75533,212.72409,250.7062,262.153,269.13358,267.45038
35,692.7220434062939,668.687,649.42505,659.0444,651.7478,630.48206,566.04193,508.77658,523.7256,615.6749,597.42914,526.49335,441.39877,364.71246,291.38968,271.11478,244.9547,237.5876,239.03091,251.20055,331.1446,488.87198,605.77106,626.03296,660.491
3,205.3591844983188,205.5073,204.0892,203.16873,204.15247,204.83824,201.58662,202.47382,202.84393,199.0758,196.53462,189.16972,185.51718,185.87914,185.56793,186.17053,186.2456,186.27057,189.14726,199.09915,206.43294,208.52043,208.83112,208.84486,207.50954
4,423.56106480702647,403.99768,409.01373,402.83063,391.02823,363.3046,333.13416,335.83435,378.5717,363.66165,334.49313,286.6917,247.19673,213.39418,200.67966,190.91798,186.75256,186.78401,195.99368,236.4528,321.6976,386.1112,407.35062,409.07727,409.82437
5,171.1118673302356,171.23524,170.05365,169.28674,170.09908,170.67773,167.96849,168.74864,169.01614,165.87631,163.75902,157.62228,154.57887,154.88042,154.62115,155.12329,155.18584,155.20667,157.60359,165.89586,172.00653,173.74593,174.00476,174.01622,172.95753
6,71.75493048321248,71.80667,71.31117,71.01151,71.3333,71.5729,70.44462,70.74675,70.8761,69.55943,68.67153,66.08236,64.8219,64.94836,64.83964,65.0502,65.07642,65.09112,66.09031,69.5676,72.1301,72.859505,72.96806,72.97225,72.52889
7,527.7915134619361,500.08218,510.30167,507.3295,485.31372,452.59338,405.37457,412.07034,453.81052,435.32852,407.37585,344.69638,306.66748,271.15286,257.76587,241.2073,238.71312,238.2805,249.41685,299.22934,398.4292,477.94116,504.82352,510.89496,505.10928
9,105.62005613427486,105.69623,104.96686,104.5258,104.99943,105.352104,103.72362,104.16134,104.326416,102.38839,101.08145,97.29353,95.41495,95.60109,95.44105,95.750984,95.78958,95.80876,97.282,102.40039,106.17231,107.24596,107.40572,107.41279,106.7593
10,283.5567568452649,268.86688,274.59082,268.6679,262.6655,235.22987,213.95287,220.89246,256.86685,246.83815,217.6479,181.82597,151.22862,120.84762,112.21027,100.62518,98.01936,98.78965,105.973625,136.49283,201.05014,250.9913,266.3647,270.88995,270.65805
11,863.9647417493965,816.6418,834.5646,826.55493,796.91327,725.1671,658.758,658.2591,726.8803,701.0821,656.8483,548.089,471.92606,410.00867,387.83087,364.74216,360.62875,355.7424,374.49344,459.4828,637.0762,774.9076,817.9157,832.9345,829.3029
12,369.3201719760144,350.22876,357.41708,355.03842,339.67426,314.49167,287.7947,286.1862,309.0392,301.26712,278.2503,240.09755,215.56483,189.96349,184.22452,174.12292,173.24968,172.64316,180.55753,212.27885,277.49,334.66693,350.3217,357.3315,358.18784
13,317.3525493664683,317.58145,315.39,313.9092,315.7106,316.50818,311.52264,312.8936,313.6559,307.6424,303.71567,292.3342,286.6896,287.24884,286.76804,287.6993,287.81534,287.8539,292.29947,307.67865,319.01187,322.23776,322.71783,322.7391,320.6756
14,131.0174378230322,131.09955,130.24791,129.66002,130.24754,130.69167,128.61055,129.20796,129.41272,127.008675,125.387474,120.68871,118.35842,118.5893,118.39079,118.775276,118.823135,118.846954,120.674385,127.023575,131.70244,133.03427,133.23251,133.24129,132.38934
15,174.68993852667353,174.81596,173.60962,172.88007,173.78603,174.24673,171.4808,172.2773,172.55035,169.34492,167.18883,160.9183,157.8112,158.1191,157.85435,158.36703,158.43086,158.46268,160.89919,169.36482,175.60329,177.379,177.64336,177.65508,176.51912
16,272.0141525861034,273.36963,274.89334,271.6058,273.33777,279.12335,292.49133,304.13998,321.66562,309.47647,299.54037,278.603,252.83937,231.07858,221.71727,218.16072,217.17154,217.20766,223.52423,243.03908,268.94843,274.55478,278.35333,277.09818,276.6383
17,352.9033678296082,353.1245,350.72098,349.13928,350.8297,352.008,346.65988,348.0295,348.58093,342.10553,337.74994,325.08237,318.8055,319.4274,318.8927,319.94946,320.05728,320.10025,325.04367,342.14572,354.74847,358.33588,358.8697,358.8934,356.5986
18,1553.500160043549,1482.7106,1502.9803,1486.3431,1428.868,1334.3744,1212.6696,1220.0828,1380.7004,1326.8425,1216.9161,1041.3235,894.6161,772.1949,742.36176,687.02496,681.129,675.8366,701.10626,858.1215,1176.1866,1409.3827,1490.1838,1498.129,1503.7029
20,280.8573417721199,281.0334,279.1324,277.80994,279.4044,280.1448,275.69797,276.97836,277.4174,272.27997,268.78864,258.71606,253.7207,254.20688,253.79005,254.63098,254.71683,254.7679,258.68533,272.29584,282.32574,285.1808,285.60565,285.62448,283.79828
23,2060.748239476541,1954.7703,1987.9794,1967.951,1885.816,1743.0392,1606.3811,1609.4609,1825.7739,1761.4985,1602.623,1367.4972,1163.5359,1010.4077,960.75183,885.701,880.63824,874.32916,909.1007,1121.5692,1545.9248,1859.0696,1973.1307,1987.7395,1988.9133
24,139.86737330235798,139.96825,139.00833,138.3353,139.1437,139.51247,137.30356,137.90219,138.15425,135.58784,133.85712,128.84097,126.35327,126.59972,126.39212,126.80661,126.849365,126.878044,128.82571,135.60371,140.59866,142.02042,142.23203,142.24136,141.33195
25,223.90131875517352,224.5086,224.97719,223.19977,224.36192,229.17975,237.67688,246.97772,260.04135,251.41577,242.3923,226.30069,207.33665,193.2815,185.10364,182.03984,182.10654,182.13766,186.38411,202.7725,221.93332,226.29501,229.11713,228.00078,227.0127
26,341.42593431268006,324.25244,329.02585,326.74548,316.67093,290.60846,259.0586,259.3316,285.25275,274.32773,256.74142,212.5065,187.30116,162.97787,153.44052,144.54767,143.10045,141.34793,149.34558,177.82823,249.78471,304.47403,323.18948,329.0211,326.27478
27,1243.37722578247,1198.9849,1207.4552,1200.9277,1173.6991,1116.0918,1043.669,1040.9048,1137.6583,1099.2078,1026.9109,917.04333,832.82294,743.40466,713.48004,696.3833,687.565,686.82245,716.88324,820.5162,1006.38794,1151.3239,1207.7585,1220.1362,1214.988
29,218.3624392303149,218.51994,217.01202,215.99309,217.07932,217.80846,214.37498,215.29437,215.68794,211.68115,208.97914,201.09987,197.26404,197.64886,197.31802,197.97177,198.03859,198.08333,201.124,211.706,219.50418,221.72383,222.05417,222.06885,220.64894
30,2861.0195898770926,2699.531,2742.5698,2708.3926,2608.6003,2348.4314,2043.1504,1999.5488,2190.271,2141.1187,1954.1012,1629.7361,1463.4758,1280.3348,1210.9316,1166.0159,1152.467,1143.1711,1195.5499,1466.2598,2023.494,2522.3228,2676.1047,2753.3787,2815.8013
31,362.5743882635831,362.80157,360.33215,358.64038,360.42844,361.65457,355.91373,357.56686,358.13348,351.48068,346.9942,333.99094,327.54208,328.18103,327.63168,328.7173,328.82816,328.89413,333.9513,351.52194,364.47012,368.15576,368.70416,368.7285,366.37088
32,158.67627468323414,158.79073,157.695,156.9546,157.8553,158.25409,155.76132,156.4468,156.82796,153.8212,151.85783,146.1671,143.3448,143.62442,143.38402,143.84966,143.90767,143.92696,146.14973,153.83932,159.50594,161.11888,161.35892,161.36955,160.3378
33,2826.4239967082244,2673.493,2711.3745,2679.8394,2569.4456,2299.318,1995.6385,1932.5385,2149.3547,2121.0127,1927.6012,1575.7427,1418.4675,1218.5243,1152.5648,1093.7708,1095.1382,1094.3698,1135.1211,1416.9275,1935.0798,2493.3413,2600.9282,2699.0298,2683.1648
34,260.04857840263213,261.83292,264.63873,260.76117,262.22763,272.26193,303.13705,327.25943,357.86722,349.74304,322.84067,292.0793,248.65685,210.28891,187.29768,181.48224,179.64613,179.5042,186.54945,212.9724,250.08488,262.4636,268.80634,267.0797,263.90823
35,686.8339221287938,651.7664,660.4393,646.3794,629.17224,565.4412,511.86972,522.41583,615.8006,596.0016,527.9976,433.0993,365.4587,289.51794,271.76126,245.63774,238.12415,237.77777,253.69746,331.25775,477.561,607.55695,641.75604,658.99756,657.1745
3,204.9551628529436,204.47379,203.25304,204.35696,204.64124,201.75775,202.4717,202.95953,199.16876,196.77866,189.13913,185.60056,185.8391,185.52774,186.2076,186.10867,186.38548,188.98834,199.80693,206.66127,208.65744,208.82693,208.73257,208.24243,207.25438
4,409.6873072305815,404.5628,405.36057,390.63028,362.8188,333.03662,335.30005,378.4429,363.96344,333.85623,287.02896,247.93254,214.33173,200.73213,189.6705,187.47054,186.3086,195.16895,235.45486,318.43262,387.03372,406.67087,410.10672,408.58032,400.14545
5,170.7752235207519,170.37407,169.35692,170.27682,170.5187,168.11101,168.70592,169.08047,165.95387,163.96231,157.59683,154.64835,154.84706,154.58766,155.15416,155.07173,155.30243,157.47122,166.4856,172.19685,173.86009,174.00134,173.92264,173.51425,172.59868
6,71.6137605367675,71.44555,71.019005,71.40109,71.50407,70.49655,70.7622,70.91647,69.59195,68.75678,66.08745,64.841385,64.934364,64.82559,65.063156,65.02859,65.12531,66.03923,69.814926,72.20991,72.90739,72.96661,72.933624,72.761765,72.378395
7,509.1769248894415,503.79282,509.7951,487.0555,453.44778,407.06085,408.898,455.9027,435.881,410.19305,344.35104,304.8338,271.53473,257.7479,241.85574,238.94582,238.73473,248.85806,297.58273,396.2997,479.69788,503.875,519.3278,506.06854,489.2789
9,105.41226027178035,105.16468,104.53678,105.09921,105.2508,103.76776,104.20323,104.36616,102.43622,101.206924,97.27779,95.45783,95.580505,95.42037,95.770035,95.71917,95.861534,97.21286,102.76449,106.28976,107.316414,107.40359,107.35504,107.10294,106.537796
10,273.25976662926485,270.64044,270.60886,262.8551,235.9422,213.76729,222.15825,256.95465,247.21434,216.33069,180.01176,151.1428,120.4111,110.49663,101.091095,98.724754,98.19335,105.63475,136.29544,198.87836,251.37657,265.9247,270.68,272.73132,263.28625
11,831.0257055411689,821.09015,829.23627,799.91235,727.1939,654.6594,659.7565,729.1336,699.5399,655.9555,553.0714,476.85187,413.26895,387.8659,364.4294,361.97543,356.975,378.56268,457.61298,627.6739,771.4897,822.1382,829.5233,827.66394,801.669
12,355.86029943024533,351.5846,356.89914,340.5081,312.82104,287.07593,287.1521,310.116,301.96762,278.1256,238.58372,215.28746,190.91576,183.971,174.92291,172.9542,172.69095,181.2873,213.60793,280.9771,334.5303,351.34406,356.4485,356.60873,345.6455
13,316.7281930735063,315.98428,314.09778,315.92697,316.36426,311.72336,312.89032,313.64426,307.4951,304.0925,292.28683,286.81857,287.18707,286.7059,287.75656,287.60376,288.03152,292.0539,308.77252,319.36478,322.4496,322.71136,322.56558,321.80814,320.28125
14,130.75967540090616,130.44987,129.76158,130.37137,130.55939,128.71669,129.17522,129.46207,127.06805,125.54311,120.66919,118.41161,118.56377,118.36515,118.79891,118.73581,118.91239,120.588684,127.4752,131.84818,133.12167,133.22984,133.16963,132.85695,132.22653
15,174.34625525501235,173.93681,172.89832,173.82852,174.14586,171.62637,172.23369,172.61609,169.42404,167.39087,160.8978,157.88216,158.08504,157.82022,158.3985,158.31442,158.54988,160.78494,169.96693,175.79756,177.49557,177.63972,177.55952,177.14262,176.30212
16,276.263745011413,274.65237,271.43555,274.12997,279.08252,292.36136,303.45346,321.56912,310.17734,298.55167,278.44025,253.39107,229.65903,221.54411,218.03616,217.2562,217.20241,223.33774,244.66336,269.151,274.4832,278.20468,276.95416,276.5478,277.76172
17,352.20906920509185,351.37457,349.28406,351.18124,351.66956,346.7144,347.98175,348.71384,342.2653,338.15796,325.041,318.94882,319.35873,318.82364,319.99197,319.84317,320.29767,324.77075,343.3621,355.14093,358.57132,358.86267,358.70038,357.85812,356.1601
18,1501.0717296072603,1477.9882,1489.141,1429.608,1329.5638,1224.4128,1212.0913,1383.5675,1319.8828,1212.2712,1048.4054,895.53754,763.8119,737.9252,687.01965,680.6432,679.459,702.4325,854.02246,1162.496,1417.0555,1488.8237,1505.7366,1501.9517,1469.7924
20,280.3047857926262,279.64072,277.94067,279.59564,279.9736,275.93182,276.90836,277.52298,272.39108,269.13837,258.67422,253.83464,254.16089,253.69655,254.66489,254.54639,254.90817,258.50156,273.26385,282.63812,285.3681,285.6,285.4709,284.80057,283.44925
23,1989.6759547170475,1960.649,1968.2981,1891.8698,1743.5754,1601.949,1605.6879,1820.1373,1750.0653,1597.7417,1363.3744,1185.0621,1012.3211,965.57294,884.01715,878.7655,877.1058,919.8316,1115.4763,1550.8439,1859.0189,1966.6956,1993.5695,1988.7825,1952.7616
24,139.592199603972,139.26434,138.41487,139.0293,139.43182,137.41444,137.88734,138.23299,135.65118,134.02333,128.82016,126.41007,126.5725,126.36043,126.81821,126.76448,126.94465,128.72615,136.08589,140.75421,142.11375,142.22922,142.16492,141.83105,141.15817
25,226.9073934535124,225.1217,223.65446,225.21564,229.05519,237.06088,246.87708,258.61758,250.6137,241.87233,225.90971,207.56656,192.12859,185.03494,181.9479,181.97778,182.10654,186.48132,203.10509,221.67757,226.37088,229.55249,228.2071,226.9276,229.4816
26,328.11331858647065,324.44586,327.2535,317.2166,287.9659,260.26526,258.54486,286.54156,274.85413,256.51855,215.10672,188.80022,163.42313,153.32368,143.861,143.34486,141.61165,148.86264,178.9641,249.7813,304.24387,324.04614,329.23932,326.2774,315.50723
27,1211.5024813939176,1202.7382,1205.5472,1177.8464,1116.2738,1044.2104,1043.0137,1136.8447,1091.6174,1024.0662,918.4556,834.24677,744.2417,713.3095,699.3725,686.9143,685.139,718.0816,822.2589,1008.76843,1145.5507,1204.4093,1214.697,1214.4058,1180.3633
29,217.93283510911857,217.42099,216.1229,217.3815,217.59903,214.5329,215.34145,215.81088,211.78008,209.23859,201.11533,197.32341,197.60631,197.27527,197.9982,197.906,198.18732,200.96864,212.45863,219.74696,221.8695,222.04976,221.94939,221.42825,220.37761
30,2725.112447344131,2713.8594,2722.1194,2610.9045,2330.3174,2013.7866,1998.8737,2177.814,2125.338,1951.6691,1644.4192,1456.0367,1276.5961,1209.089,1156.9523,1150.4976,1148.6556,1199.2352,1456.6527,2005.1187,2523.0986,2673.6646,2738.2646,2805.1965,2623.8433
31,361.8610629683204,361.0037,358.8559,360.9457,361.3177,356.2158,357.47635,358.27002,351.64478,347.425,333.93692,327.68933,328.11032,327.56073,328.7611,328.6081,329.07516,333.71417,352.77155,364.87332,368.3976,368.69696,368.53018,367.6648,365.9204
32,158.36409653675315,157.99214,157.04889,157.96349,158.18213,155.86168,156.44516,156.82213,153.74754,152.04625,146.14342,143.40929,143.59354,143.35295,143.87828,143.80188,144.01576,146.02695,154.38626,159.68239,161.2248,161.35568,161.28279,160.90407,160.14062
33,2688.617219287028,2676.7349,2689.8936,2565.4487,2286.032,1983.8378,1919.1611,2140.4495,2098.1829,1915.799,1604.1062,1420.5028,1215.8806,1155.6782,1095.0126,1088.3339,1089.1069,1136.5995,1404.7783,1933.9149,2476.9849,2632.3276,2679.1423,2665.8667,2553.588
34,268.57380661250613,263.99057,260.83115,262.06693,272.34802,303.41943,327.80768,357.93112,349.94168,322.44928,292.19113,249.23827,210.74042,187.08365,181.7021,179.56767,179.68208,186.76973,212.76888,250.11125,263.385,269.44794,266.44534,264.4159,271.4302
35,661.1432507387938,649.90814,648.5913,630.76184,566.079,508.68314,522.7587,615.46136,595.8399,526.1769,436.87665,364.287,291.09094,270.98145,245.40775,237.22249,236.47061,254.10393,331.21902,489.58655,605.2039,652.38855,662.7241,654.5228,627.7324
3,204.05388379787567,203.37369,203.76622,204.58047,201.69926,202.41243,202.81142,198.86206,197.34262,189.50764,185.59158,185.80348,185.6065,186.19804,186.16188,186.38614,189.05708,199.3749,206.61339,208.64262,208.81577,208.69542,207.79254,207.10886,206.6401
4,418.2184008927426,403.9257,391.7193,365.0202,333.02557,334.0321,377.79413,363.15414,334.63412,286.44803,246.7682,214.01526,201.0327,188.77695,186.59273,187.02393,196.86658,234.83257,319.62738,386.29407,407.00476,408.8607,410.9594,400.8466,401.9081
5,170.0242488688266,169.45743,169.7845,170.46306,168.06738,168.65652,168.98898,165.70102,164.43222,157.90393,154.64084,154.81741,154.65326,155.1462,155.11607,155.30293,157.5285,166.12563,172.15692,173.84782,173.99203,173.89178,173.13942,172.5697,172.17285
6,71.29884296392868,71.06116,71.19832,71.49837,70.47611,70.725296,70.86792,69.48476,68.953865,66.21622,64.84791,64.93718,64.85309,65.05981,65.04717,65.12554,66.05881,69.657234,72.19318,72.9022,72.962715,72.92066,72.605156,72.3698,72.19982
7,519.6289093281076,504.4925,485.38507,449.66266,411.2551,408.74414,459.287,435.8201,410.81644,346.92627,308.9625,270.85062,257.69232,241.75789,239.48454,238.54005,250.3574,296.79724,397.7856,479.01007,503.42642,511.81134,505.9508,489.77567,505.4476
9,104.94871565544648,104.59888,104.80073,105.2424,103.737686,104.10447,104.33862,102.28012,101.496994,97.46733,95.45323,95.56219,95.460884,95.76512,95.74651,95.86189,97.23558,102.619934,106.26513,107.3088,107.397835,107.335945,106.87157,106.51994,106.27495
10,280.26000587076487,269.2264,264.90677,235.8973,214.11534,221.57112,256.78302,246.14973,217.18802,181.17809,149.52527,119.60231,110.54697,101.04861,98.48513,98.724754,105.80069,137.74657,200.57376,250.42053,265.63,270.83456,271.92426,265.29044,266.54535
11,849.9202214724302,823.5462,799.918,725.5829,653.7351,656.31885,732.538,699.33075,654.7701,555.5152,474.92297,409.60654,389.91534,363.98553,360.49863,357.8933,375.6149,453.4179,629.38885,774.24603,819.3221,831.78436,828.0599,800.6728,821.86523
12,362.9903157473759,351.87674,341.75616,313.08154,286.28033,286.0161,311.5802,301.45724,279.07614,237.78046,215.5258,189.42026,183.6071,174.47523,173.36874,172.28851,179.30988,213.0445,285.20032,333.28336,351.44205,356.90842,358.18192,344.16068,354.42123
13,315.3353982661296,314.28424,314.89078,316.14664,311.38712,312.876,313.41537,307.3121,304.79565,292.85635,286.8046,287.13214,286.8276,287.74176,287.6859,288.03253,292.16016,308.1048,319.29086,322.42667,322.69418,322.50815,321.1129,320.05643,319.33203
14,130.18466692077888,129.74757,130.04097,130.54897,128.68242,129.13437,129.39192,126.8744,125.90297,120.90428,118.40587,118.54106,118.415375,118.79278,118.76974,118.91282,120.61685,127.29597,131.81761,133.11226,133.2227,133.14597,132.5699,132.13371,131.83464
15,173.5795771874606,173.00099,173.33485,174.06535,171.40619,172.18326,172.52266,169.1659,167.87057,161.20576,157.86928,158.05473,157.88719,158.39041,158.3596,158.55048,160.82251,169.72792,175.7569,177.48305,177.63028,177.52786,176.75987,176.17831,175.77959
16,275.99577345960364,271.5511,273.3441,278.7355,292.37094,303.56564,322.10724,310.2334,298.84088,278.35193,253.84386,231.05962,221.45172,218.1328,217.17575,217.0794,223.29193,243.41634,269.14178,274.53183,278.16022,277.11246,276.61545,278.27127,276.77664
17,350.66024919655536,349.48282,350.1659,351.56534,346.61386,347.83945,348.72253,341.74393,339.12708,325.66302,318.92285,319.29755,318.95905,319.9755,319.9134,320.31992,324.88882,342.6197,355.05872,358.54584,358.8434,358.63666,357.08496,355.9101,355.1045
18,1532.862824794962,1487.0919,1433.9354,1322.0862,1218.9117,1224.7988,1379.0287,1325.5278,1218.6372,1041.0215,899.76324,774.5263,739.1446,688.50665,680.78827,679.1796,699.5193,856.21796,1174.2645,1402.9741,1488.0455,1502.6057,1502.7335,1476.2065,1480.0243
20,279.0721609152942,278.1351,278.6682,279.7901,275.63467,276.82715,277.373,271.97598,269.89352,259.18756,253.82239,254.1121,253.84279,254.59685,254.60236,254.92584,258.56195,272.8797,282.57266,285.34787,285.58466,285.42023,284.1853,283.25027,282.60916
23,2033.0651259597155,1965.5447,1887.3464,1748.6622,1604.6648,1614.5686,1829.1748,1753.1661,1602.6814,1370.1656,1176.2173,1007.72015,965.7308,889.93604,876.30115,876.7633,918.6096,1127.713,1552.7123,1853.8627,1968.7205,1991.8513,1991.7366,1948.979,1949.9253
24,138.9783505844956,138.51508,138.77724,139.30962,137.23824,137.86034,138.13159,135.44223,134.4074,129.07117,126.40394,126.54826,126.414085,126.816956,126.787056,126.944954,128.76424,135.77846,140.72165,142.10368,142.2216,142.13962,141.52467,141.059,140.73979
25,226.5916443434606,223.81111,224.56747,229.14178,237.15358,246.64648,259.5524,251.04207,242.03334,226.20465,207.96617,192.58763,185.47379,182.11963,181.87596,182.0565,186.14905,202.80318,221.71603,226.73561,229.51407,227.88269,227.14696,229.39105,227.90898
26,335.5729913978496,324.1786,317.60336,289.51825,256.49408,258.4872,286.87094,274.79898,256.3699,214.94684,187.91273,161.76599,153.79524,145.32703,142.54102,141.85983,148.67004,178.52193,248.36336,303.99887,322.71542,329.08875,326.718,317.5815,325.3264
27,1229.2503820032232,1197.2864,1177.7426,1126.1688,1042.7484,1047.3773,1136.2885,1095.2657,1025.8905,913.2473,832.54645,746.7431,712.36115,692.5453,688.02325,684.4343,714.6271,824.8526,1008.5759,1144.9972,1203.7979,1216.332,1212.2388,1181.6414,1194.0342
29,216.9744874541423,216.25124,216.66856,217.53267,214.4708,215.22902,215.66318,211.45393,209.83832,201.50723,197.34317,197.61491,197.359,197.988,197.9496,198.18776,201.02808,211.97884,219.6961,221.85378,222.03787,221.90993,220.94989,220.22293,219.72449
30,2792.3754420567543,2694.6433,2597.4026,2332.5164,2022.6447,1998.7411,2165.2205,2123.7498,1946.6997,1606.1587,1451.64,1291.945,1209.0142,1156.3328,1143.0833,1146.3455,1206.5521,1454.4537,2012.6691,2529.5654,2676.505,2764.2966,2808.9136,2618.4424,2711.9836
31,360.2697988481189,359.0601,359.7619,361.19672,356.1234,357.3716,358.07614,351.10904,348.42075,334.58762,327.67343,328.0476,327.69968,328.74414,328.6804,329.07596,333.79202,352.2756,364.7888,368.37152,368.67722,368.46475,366.8706,365.66348,364.83597
32,157.6676991330648,157.14212,157.44539,158.07332,155.69356,156.438,156.70769,153.65605,152.39783,146.42818,143.4023,143.56607,143.4138,143.87088,143.84296,144.01627,146.08008,154.0524,159.64543,161.21333,161.34709,161.25407,160.55646,160.02821,159.66602
33,2757.772360772052,2647.5034,2564.9214,2263.0298,1993.8356,1924.95,2132.1387,2101.586,1924.0946,1580.7999,1418.4708,1210.1941,1150.669,1101.109,1086.8301,1091.869,1137.4374,1403.6378,1954.6533,2489.669,2608.1667,2703.0144,2673.6206,2559.416,2668.7031
34,269.1811237943789,260.73572,263.0625,272.34924,303.21255,327.61853,358.50027,349.7455,323.24634,291.54507,249.09343,208.96582,188.22621,181.56384,179.6015,179.68895,186.38832,212.7989,250.17403,261.97617,269.04105,266.56625,264.25046,270.44736,268.14502
35,678.1836526612938,649.64276,630.4494,566.80963,511.30295,518.321,616.80774,596.39056,525.44025,435.78564,363.4412,289.78503,269.0587,245.98592,238.19957,237.80103,254.26787,331.8695,488.62662,604.6934,637.0664,660.95624,655.5778,630.1737,644.202
3,203.35979533017976,203.5971,204.25865,201.56282,202.4226,202.84273,198.92944,196.74538,189.63066,185.44637,185.77951,185.55867,186.3079,186.19992,186.44167,189.0784,199.5117,206.6638,208.8633,209.06071,208.80817,207.72064,207.01628,206.36531,205.98285
4,415.6951757242345,394.01318,364.48132,332.27963,333.93524,377.70697,363.52118,333.72934,285.63654,247.06352,212.93785,200.6537,189.46773,186.80792,186.21742,195.39676,236.81163,317.77405,385.838,407.60828,410.45386,409.4559,403.2166,401.7959,400.83594
5,169.44591206791856,169.6436,170.19482,167.94864,168.66971,169.01506,165.75441,163.93732,158.00635,154.51987,154.79741,154.61348,155.23772,155.14774,155.34915,157.5462,166.23956,172.19891,174.03166,174.19618,173.98567,173.07951,172.49257,171.9502,171.62787
6,71.05632023542063,71.13924,71.37039,70.415596,70.728874,70.875656,69.51057,68.745155,66.25921,64.797134,64.91355,64.863235,65.09818,65.060455,65.144936,66.066246,69.711754,72.19009,72.97933,73.04829,72.960045,72.58005,72.33391,72.10999,71.9713
7,517.3610852125402,492.63232,453.80734,405.64636,410.58524,457.28946,436.46597,407.2288,340.8922,306.00613,267.99524,257.58975,240.24951,239.62328,238.83395,249.33583,294.31653,399.96732,478.5969,503.7786,510.58978,507.18668,490.72903,506.1924,498.69742
9,104.591733019879,104.71379,105.054016,103.64862,104.109726,104.3258,102.27864,101.19149,97.53059,95.37853,95.54988,95.436295,95.821625,95.76608,95.89042,97.24655,102.6126,106.29068,107.42232,107.52383,107.39392,106.834595,106.472305,106.13752,105.938576
10,278.1027013377648,263.43668,237.82027,212.97226,222.39177,256.63626,246.05052,216.83105,180.92715,151.68652,119.33264,112.10528,101.20397,98.23644,98.48989,104.863754,136.60773,197.0737,245.85045,264.2922,269.98172,272.0241,263.39746,267.19727,262.22787
11,846.1960843826547,801.7911,737.76886,649.6914,654.41797,735.74915,704.66583,655.215,552.0948,471.48193,413.0732,390.98788,364.56094,360.88928,355.36176,377.82565,453.24408,632.89856,774.3447,819.3778,831.25397,825.4234,799.20966,822.50854,807.41016
12,361.8179833174649,345.228,312.57513,285.1015,284.31683,313.25876,302.30115,276.3795,236.4608,215.87584,189.5822,185.486,174.24591,172.969,172.69153,180.1828,212.75229,278.77405,332.62546,351.8909,357.5717,358.69342,344.41046,354.7517,347.87744
13,314.26278617309225,314.62952,315.65176,311.4301,312.72025,313.43277,307.41632,304.04117,293.25528,286.58023,287.09506,286.75388,287.91153,287.74466,288.1183,292.19302,308.3162,319.36868,322.7678,323.07278,322.68253,321.0018,319.91327,318.90735,318.3163
14,129.74184429815216,129.88568,130.31335,128.57198,129.14392,129.38467,126.91534,125.52397,120.98279,118.31322,118.52577,118.38489,118.862885,118.79396,118.948204,120.63044,127.28682,131.84927,133.25304,133.37901,133.21785,132.52403,132.07463,131.65933,131.41533
15,172.98914695152988,173.19107,173.75374,171.42932,172.14001,172.54933,169.22041,167.36531,161.31038,157.75099,158.0399,157.84651,158.48384,158.392,158.5976,160.84064,169.71576,175.79907,177.6708,177.83871,177.62383,176.6987,176.0995,175.5458,175.2205
16,271.6705011434688,273.03796,278.66693,291.73553,303.626,321.8778,309.8036,298.5027,278.08792,252.24097,231.03613,221.44391,218.21483,217.21843,217.11752,223.54701,243.2467,268.935,274.45776,278.31885,277.09457,276.68,278.58658,276.36084,272.43948
17,349.467479764694,349.85492,351.01212,346.37955,347.85696,348.57892,341.9401,338.10654,325.87436,318.68387,319.26755,318.8769,320.1644,319.97873,320.39417,324.85312,342.8547,355.14532,358.92514,359.2643,358.83038,356.96146,355.751,354.6324,353.97504
18,1524.1425895678765,1454.5057,1341.8588,1218.7803,1223.1171,1377.2391,1333.3431,1208.1254,1041.0248,897.48505,775.5827,739.1158,686.54785,680.86664,678.1329,700.8956,860.8681,1172.1409,1408.6254,1488.6285,1501.6311,1504.2404,1468.9781,1477.834,1465.5918
20,278.12289807872816,278.43118,279.37366,275.61597,276.81198,277.41568,272.0638,269.08115,259.3464,253.61736,254.07939,253.77737,254.80205,254.64888,254.98497,258.53366,272.8601,282.64066,285.64978,285.91974,285.57422,284.08707,283.12363,282.23337,281.71024
23,2021.3832209831487,1921.382,1768.152,1609.4438,1609.5277,1824.1014,1772.063,1605.6036,1356.6759,1188.4423,1002.45,952.45416,888.6758,881.5725,873.58417,913.9838,1138.8068,1535.3529,1866.1831,2006.6862,1992.5995,1999.622,1942.9497,1957.0292,1942.3644
24,138.50561628214018,138.6673,139.12856,137.22368,137.82579,138.15341,135.49864,134.00063,129.15489,126.305016,126.53191,126.38155,126.891815,126.81822,126.98291,128.75917,135.88474,140.71562,142.25407,142.38844,142.21643,141.4757,140.99597,140.5526,140.29214
25,223.38153159252988,223.95638,228.84776,236.69801,246.53592,259.3538,250.89941,242.1506,226.0077,207.56396,192.73682,185.41437,182.18852,182.06166,181.91048,186.22775,202.85014,223.20332,226.46852,229.45578,228.11813,226.71443,228.58295,227.76811,224.09282
26,334.27303082923345,319.44424,287.84125,258.25446,256.98947,285.7443,274.5106,256.50497,216.4866,187.95816,162.8163,154.98451,143.95335,143.94043,141.88148,148.798,179.55283,249.40038,304.64194,323.36618,328.83484,324.40927,316.88336,326.09998,319.2747
27,1222.818785617505,1186.9895,1125.5895,1037.2019,1043.9115,1138.0591,1095.8268,1022.91724,912.88385,831.92303,746.2785,716.3397,694.26807,686.8708,686.16547,714.8883,822.0419,1005.79095,1152.7875,1204.7092,1215.8601,1209.8654,1182.3422,1194.0073,1177.8053
29,216.23644960490765,216.48883,217.19217,214.28734,215.23991,215.68657,211.53249,209.20323,201.638,197.18877,197.54301,197.38992,198.10484,197.98997,198.24709,201.02019,212.14468,219.6867,222.08853,222.29837,222.02979,220.87343,220.12445,219.43231,219.02563
30,2791.343828843716,2612.7305,2333.9739,2021.9136,1986.1707,2188.3384,2113.016,1934.9976,1605.3005,1450.1825,1271.538,1205.6892,1159.7518,1141.9622,1140.6193,1208.5304,1473.0465,2007.8689,2525.8533,2687.6277,2759.0989,2787.4932,2625.3992,2706.7146,2638.4016
31,359.04434257164195,359.4423,360.6313,355.80814,357.39963,358.13135,351.22226,347.37195,334.80472,327.41708,328.00525,327.61545,328.9381,328.74747,329.17435,333.7789,352.25034,364.87646,368.76117,369.1097,368.66373,366.74368,365.50006,364.3507,363.6756
32,157.13139308654613,157.31476,157.82588,155.71506,156.36012,156.71638,153.70816,152.02058,146.62764,143.29012,143.54753,143.37694,143.95576,143.87233,144.05914,146.09651,154.1581,159.68434,161.3839,161.53639,161.34126,160.5009,159.95663,159.45367,159.15816
33,2756.595301022817,2562.6687,2269.838,2000.3839,1926.2959,2146.5972,2097.5637,1926.5059,1582.7532,1406.9253,1224.8556,1146.2075,1099.084,1100.8032,1089.2384,1146.2084,1410.1475,1970.2957,2490.3176,2625.096,2676.318,2686.6975,2551.487,2666.8406,2594.875
34,261.86955208775214,263.18835,271.9678,303.39227,327.7405,358.04947,350.20428,323.19458,292.1297,250.28716,209.21458,187.1447,180.61464,179.62614,179.63986,186.52014,212.52292,251.53897,262.4425,269.276,265.97687,264.48584,271.16946,268.52435,261.09586
35,673.3186387162938,639.4311,572.7419,510.22623,521.04315,612.00354,599.5184,524.8423,435.87344,365.55286,289.3285,268.16742,243.7396,238.40901,238.00124,251.74683,325.4498,481.09262,603.069,621.8847,657.56793,656.1712,629.75366,647.484,629.3757
3,203.8363336811352,203.96567,201.80818,202.49849,202.68509,198.92155,196.9405,189.25049,185.52014,185.76706,185.73697,186.29686,186.21437,186.39485,188.70746,199.01643,206.32236,208.82196,209.28152,208.99492,207.91548,207.2775,206.64586,205.81071,206.69646
4,407.5211752461953,368.32388,336.6693,334.51657,376.35486,364.73917,332.8972,286.15106,248.59859,214.36513,200.83118,188.74573,186.7929,185.98294,196.05977,237.71422,317.52832,386.80307,405.93372,411.17856,411.70135,401.10995,403.17844,401.45084,381.25363
5,169.84297912525838,169.9507,168.15302,168.72827,168.88379,165.74777,164.09718,157.69232,154.58134,154.78708,154.76198,155.22855,155.15976,155.31018,157.23712,165.82686,171.91441,173.99715,174.38016,174.14136,173.24184,172.7103,172.18393,171.48811,172.23027
6,71.22282837738138,71.26802,70.51415,70.7767,70.82059,69.50555,68.80814,66.126366,64.822945,64.90919,64.89869,65.10794,65.06549,65.12857,65.93662,69.53868,72.09148,72.96437,73.12547,73.02528,72.648125,72.42522,72.20448,71.91622,72.22391
7,506.68054058830296,458.29422,411.3485,405.75644,457.04755,436.91376,408.72314,343.3277,303.8387,267.30594,257.83804,240.56262,238.07138,238.98419,248.75578,295.09137,398.3867,480.18933,503.44638,509.53137,506.34442,489.45462,506.1702,498.8906,479.79547
9,104.83682557564174,104.903336,103.793686,104.18014,104.24472,102.30905,101.255684,97.33675,95.416466,95.54345,95.52801,95.81596,95.773506,95.86633,97.055756,102.357834,106.11543,107.41989,107.63741,107.489975,106.93479,106.60668,106.2818,105.8523,106.31042
10,271.7498017407649,241.31154,216.83736,221.36179,256.0169,247.22015,216.83528,180.14818,150.17845,118.39014,110.838936,100.82466,98.69683,98.52157,105.41281,134.81064,198.08034,245.70396,260.01733,271.43942,271.62387,264.62903,267.2206,260.80515,249.3688
11,827.0336343287693,749.0726,661.074,655.3456,731.2097,706.2107,656.2471,554.47534,473.7166,413.12506,386.91486,364.2808,359.69623,356.1211,372.54034,454.2722,635.5315,771.88776,821.4037,828.2375,828.3113,801.18616,822.02026,809.5915,772.405
12,354.2209798942695,320.1517,286.92514,284.76932,310.7648,305.44705,278.62982,238.51907,214.1519,189.2315,184.5531,174.47072,172.5686,172.40813,179.84274,211.94434,279.5542,332.52832,351.9648,356.31445,356.4046,346.67786,353.7818,348.40552,338.23517
13,314.99920641607304,315.19907,311.8649,312.79037,313.38266,306.82068,304.34265,292.45892,286.64005,287.0758,287.02933,287.8946,287.76697,288.04593,291.6198,307.55078,318.841,322.70374,323.41415,322.97107,321.30298,320.317,319.3408,318.05035,319.4191
14,130.04587177040335,130.12805,128.71933,129.23132,129.31134,126.89314,125.6464,120.74231,118.360306,118.51781,118.49864,118.85583,118.8032,118.91834,120.39377,126.970795,131.63191,133.25002,133.51988,133.33702,132.6483,132.24135,131.83827,131.30553,131.87059
15,173.3945169642584,173.50458,171.66922,172.30846,172.50467,169.2137,167.5285,160.9898,157.81374,158.02379,158.00372,158.47443,158.40427,158.55782,160.52504,169.29445,175.50926,177.66675,178.0266,177.78275,176.86444,176.32175,175.78441,175.07404,175.82751
16,273.99139245477033,278.9465,292.5905,304.0262,321.92288,309.20944,298.16003,277.7546,253.81517,232.15977,221.75322,218.07243,216.96797,217.22679,223.39175,243.14091,269.60452,274.6484,278.4505,277.1801,276.85986,278.3069,276.54462,272.68872,272.0836
17,350.2863960910465,350.50772,346.80106,347.98746,348.30804,341.84042,338.38916,325.22678,318.81055,319.2349,319.1944,320.14536,320.00363,320.3137,324.2879,342.1296,354.5586,358.85397,359.6439,359.15128,357.29633,356.19992,355.1144,353.67938,355.2013
18,1493.3199023431148,1351.0212,1226.2932,1217.7257,1373.3568,1336.0372,1210.7421,1039.0748,891.3333,774.5182,741.4884,686.0346,682.23193,678.39453,696.3208,848.1083,1167.8485,1408.2523,1487.2156,1501.6631,1502.2893,1472.0378,1468.6498,1467.9976,1406.4454
20,278.7746307724899,278.95078,276.02228,276.81976,277.38858,272.05286,269.3437,258.8309,253.72472,254.09448,254.0212,254.78696,254.6741,254.94638,258.08374,272.28314,282.17456,285.64328,286.2218,285.82977,284.35336,283.4808,282.61697,281.47488,282.68616
23,1979.421490216911,1786.6525,1613.0641,1602.4688,1826.5516,1771.4773,1614.9819,1369.8619,1184.9427,1000.6915,953.761,890.7111,881.5792,877.18677,917.8221,1127.9893,1541.7308,1862.3544,1972.6974,1994.8855,2001.3838,1948.6227,1953.0239,1947.8743,1857.0226
24,138.83018013151852,138.91827,137.45955,137.78346,138.11774,135.48273,134.15477,128.89597,126.355316,126.52343,126.502945,126.884285,126.828094,126.95099,128.52614,135.9781,140.52336,142.22488,142.53893,142.34363,141.60841,141.17389,140.74368,140.17488,140.77815
25,225.1182156702584,229.05258,236.57622,247.05765,259.37555,251.22136,241.97052,226.03651,207.67934,192.69354,185.4522,182.20262,182.02672,182.10437,186.57431,203.31596,222.47594,226.42088,229.13626,228.14455,227.01428,229.18536,227.95311,224.27962,223.75339
26,326.57797998804455,292.3674,259.1106,258.58472,286.85635,275.1611,255.01498,216.35933,185.38058,162.54976,152.42868,144.83055,142.94727,142.24908,148.50584,177.93681,253.1654,304.66763,324.06613,330.0813,326.47214,315.1356,325.7295,320.92404,306.3426
27,1205.117143623849,1130.0922,1046.3947,1037.7054,1134.1521,1101.7312,1024.4929,904.2432,831.6019,746.07074,715.2283,693.9984,688.18317,687.0574,715.7595,823.2055,1005.57886,1147.0808,1206.2506,1216.3936,1212.3715,1180.4385,1196.9246,1180.4913,1166.0895
29,216.7431621581136,216.88069,214.5865,215.22324,215.51904,211.5171,209.39493,201.23384,197.2672,197.52974,197.49779,198.13454,198.00537,198.19727,200.65639,212.29053,219.38658,222.04297,222.53322,222.2284,221.08061,220.40222,219.73058,218.8426,219.7844
30,2714.8994527666982,2332.307,2121.7998,1990.2288,2171.6538,2131.6157,1935.2047,1618.8948,1446.6079,1291.1465,1210.9011,1170.1998,1143.2933,1137.5112,1195.977,1446.6467,2000.7449,2524.7595,2675.577,2756.9395,2774.7087,2635.9578,2711.6018,2654.496,2571.0798
31,359.8857006122082,360.11307,356.30478,357.36218,357.85327,351.20828,347.71063,334.13928,327.54727,327.98328,327.93015,328.91873,328.7729,329.0917,333.17477,352.49243,364.27487,368.75287,369.49963,368.99353,367.0877,365.961,364.846,363.37155,364.93542
32,157.49960320803652,157.59953,155.93245,156.39519,156.69133,153.41034,152.17133,146.22946,143.32002,143.5379,143.51466,143.9473,143.88348,144.02296,145.8099,153.77539,159.4205,161.35187,161.70708,161.48553,160.65149,160.1585,159.6704,159.02518,159.70955
33,2678.6199221160223,2322.2715,2059.9858,1937.0782,2138.4705,2107.133,1915.1493,1585.2311,1398.5177,1227.8895,1135.5381,1099.7303,1079.1227,1092.2483,1143.7716,1387.0668,1948.6648,2492.7007,2617.1907,2690.0144,2679.9487,2561.192,2680.3335,2599.4614,2517.2117
34,265.6642553240033,273.2994,304.03943,327.56216,357.83643,350.1905,323.26343,291.5068,249.92657,209.4607,187.08246,180.69896,179.89029,179.62614,186.66553,212.58382,251.29048,264.0814,269.05533,266.24625,264.83026,271.59122,268.0541,261.85736,258.9214
35,657.5829019112939,584.4192,516.0998,524.14386,611.0417,595.97034,526.09973,432.95844,363.62918,290.39218,269.06918,244.8698,238.79977,238.44206,251.32501,330.34418,487.61383,605.0808,621.99634,658.7315,654.8019,630.8608,644.7331,630.6055,602.8229
3,204.65473650125423,202.20483,202.13812,202.98393,199.08257,196.89017,189.46506,185.49147,185.7747,185.78882,186.29921,186.22336,186.37773,188.95213,198.2558,206.52222,208.82701,209.12239,209.1323,207.86803,207.25229,206.77106,205.79175,206.56482,206.26952
4,379.83118352130185,337.11624,338.40323,381.73358,372.19095,334.9158,291.44547,250.60484,212.71791,200.6982,189.29878,187.35757,186.38983,193.9606,236.97914,319.56467,386.2958,407.20978,408.8813,410.73254,403.21805,401.80518,401.71457,381.97546,352.52188
5,170.52489863677675,168.48349,168.42793,169.13274,165.84808,164.05525,157.86841,154.54782,154.7935,154.80522,155.23045,155.16727,155.29585,157.44101,165.19312,172.08092,174.0014,174.24748,174.25578,173.20236,172.68922,172.28833,171.47226,172.11646,171.78966
6,71.50878801248788,70.65275,70.62945,70.91856,69.56181,68.79576,66.2762,64.81292,64.9119,64.916794,65.095146,65.05372,65.12258,66.0221,69.27291,72.161285,72.966644,73.06088,73.07333,72.63153,72.41638,72.24826,71.90606,72.17972,72.03914
7,470.4231128923303,423.10938,412.09872,459.01782,439.38525,413.06995,351.42996,307.41495,268.22946,257.05487,241.32976,239.3911,238.5945,248.76703,296.67413,396.7605,480.3161,503.4921,511.39194,505.49884,490.20685,505.12265,497.9923,480.99194,439.9393
9,105.25774539966906,103.99771,103.96338,104.38891,102.39185,101.26429,97.45936,95.39581,95.5474,95.55466,95.817184,95.778145,95.85753,97.18159,101.966644,106.21819,107.40365,107.5744,107.56067,106.91041,106.59367,106.34623,105.84253,106.24013,106.03844
10,250.45294875876488,221.23712,222.18176,256.673,248.0247,219.22128,180.56909,150.3304,120.558304,111.641106,100.46319,98.66723,98.93337,106.69924,135.87714,202.84213,251.7841,254.7088,265.96594,272.66382,264.25238,266.75507,261.47925,248.93541,227.16422
11,762.2880192149228,671.1495,661.2384,737.711,710.55365,665.80194,564.9321,481.69876,415.71542,391.02823,364.17722,360.93076,355.30194,377.64267,457.5581,633.372,770.88275,821.5417,830.6766,827.5857,800.0898,823.31976,805.11035,769.52313,703.9947
12,328.3926937559555,290.2899,287.89246,316.71255,306.57907,280.9608,240.21959,220.13405,190.4545,184.18013,174.65318,172.97224,171.96945,179.92082,213.55298,284.25827,332.69962,349.77017,357.7748,358.24704,346.40277,354.38046,347.4745,336.935,308.4133
13,316.26392813771406,312.4779,312.3748,313.53665,307.198,304.40332,292.79062,286.64993,287.11597,287.10953,287.8982,287.78094,288.01947,291.99777,306.37546,319.14975,322.71164,323.16797,323.18353,321.2296,320.27805,319.53442,318.0209,319.2157,318.7593
14,130.56800590753042,129.01035,128.94229,129.49026,127.01299,125.60761,120.87714,118.33464,118.52273,118.5317,118.85736,118.80891,118.90741,120.54984,126.48552,131.75938,133.22986,133.44165,133.42465,132.61806,132.22517,131.91826,131.29341,131.78665,131.59825
15,174.09069589916177,172.0067,171.94989,172.65378,169.10025,167.48575,161.16951,157.77953,158.03032,158.04233,158.47127,158.41188,158.54323,160.7332,168.64742,175.67918,177.63991,177.9223,177.89966,176.82414,176.30028,175.89095,175.05789,175.71552,175.46434
16,281.1228616558099,291.94708,303.7724,321.47873,309.5938,298.45038,277.79416,253.98512,231.21437,221.45297,218.18259,217.15546,216.88701,223.65437,244.3768,268.9684,274.2127,278.32608,277.6017,276.7448,278.4488,276.71555,272.59494,272.18015,277.95102
17,351.69279586891304,347.4971,347.36807,348.82166,342.11707,338.34967,325.77142,318.74155,319.24805,319.27225,320.13895,320.019,320.28436,324.70834,340.6964,354.90286,358.86276,359.37024,359.38742,357.21472,356.15656,355.32965,353.64667,354.97528,354.4676
18,1388.9868980448275,1250.2007,1222.599,1388.8667,1352.6411,1228.2258,1050.4752,905.4845,774.14166,740.46533,684.0351,682.72687,678.94934,696.9417,850.2321,1167.1693,1411.7687,1490.7107,1506.2335,1501.8762,1472.4944,1469.4135,1462.3264,1402.1384,1281.6224
20,279.8939108335156,276.55478,276.47357,277.48022,271.90234,269.2748,259.11996,253.66975,254.07283,254.10031,254.79018,254.68637,254.89749,258.43784,271.14243,282.44873,285.6001,286.0541,286.01764,284.2886,283.44635,282.7882,281.44894,282.5062,282.1023
23,1837.5788467179368,1643.0295,1606.1355,1839.7114,1791.2651,1624.2661,1384.1987,1186.5552,1017.34827,958.6762,895.1029,879.75635,870.9404,917.23065,1122.8331,1552.7075,1857.9875,1997.3658,1997.0424,1999.6249,1951.8612,1955.9115,1940.176,1857.917,1700.817
24,139.38758326414654,137.71896,137.68425,138.1549,135.39197,134.0992,129.06134,126.335724,126.52869,126.53824,126.88586,126.8342,126.93934,128.69273,135.02412,140.6484,142.22928,142.41298,142.43729,141.57614,141.1567,140.829,140.16197,140.68848,140.48738
25,230.36662979516177,236.1936,247.46481,260.34744,250.9502,242.10216,225.9603,207.93715,192.56482,185.00882,182.21017,182.13335,182.17911,186.6041,203.0905,222.0748,226.37825,229.69815,228.15544,226.98071,229.26486,228.21408,224.37169,223.97995,228.13472
26,300.5674191822636,265.96475,259.0889,290.55157,281.01566,260.712,221.11584,187.937,162.94547,152.88286,144.66219,143.0562,142.4393,150.72273,179.90161,254.69084,308.29752,322.6315,329.941,327.16733,316.07608,326.5812,319.7522,306.49893,278.18292
27,1144.004545576353,1065.8167,1051.6832,1145.5852,1104.9902,1031.4283,919.9858,830.53864,744.19354,716.40314,692.1758,684.34357,686.24963,715.7518,816.0882,1006.1654,1148.4811,1205.7626,1218.1238,1212.7831,1181.6127,1192.6268,1180.8206,1164.944,1089.9628
29,217.61338589079315,215.00839,214.93736,215.73677,211.68839,209.35718,201.68974,197.23676,197.5379,197.5529,198.09566,197.9695,198.17908,200.91649,210.80927,219.58182,222.04987,222.33665,222.37456,221.03015,220.37537,219.86375,218.82237,219.64444,219.33041
30,2456.667835608339,2131.2532,2033.2085,2220.8494,2155.2678,1959.105,1655.1097,1471.1119,1282.329,1207.6885,1166.9381,1139.0371,1139.7322,1189.6091,1453.0804,2008.1877,2545.9045,2668.6313,2739.749,2804.6199,2634.9807,2707.4878,2649.5295,2565.376,2318.9333
31,361.3306415949199,357.01996,356.88733,358.21478,351.42084,347.62195,334.51233,327.47638,327.99683,328.0217,328.92282,328.78894,329.0613,333.6067,350.03287,364.599,368.69708,369.28323,369.23618,367.00394,365.91672,365.06693,363.33813,364.703,364.18158
32,158.13196406885703,156.23895,156.1874,156.76833,153.599,152.20166,146.39531,143.32497,143.55798,143.55476,143.9491,143.89047,144.00974,145.99889,153.18773,159.57487,161.35582,161.58398,161.59177,160.6148,160.13902,159.76721,159.01045,159.60785,159.37965
33,2415.6325776487024,2103.1753,1944.9886,2189.1567,2126.2947,1947.4229,1616.7609,1438.5535,1233.584,1151.5476,1093.7089,1090.1108,1079.8474,1135.9053,1424.9949,1949.3778,2489.6982,2639.334,2684.4968,2674.3044,2560.1917,2683.6262,2598.079,2516.089,2245.6826
34,278.12224852513043,302.78464,327.38324,358.2073,350.3585,323.0643,292.17554,249.43921,209.28679,188.32993,181.27905,179.68634,179.89029,186.5863,213.02129,251.39064,263.85614,269.47424,266.0701,264.16727,271.2081,268.62436,261.65433,258.72577,270.82825
35,604.8180178812938,533.2263,523.13995,615.4596,599.99524,533.906,435.27576,356.7226,293.44165,272.0993,245.43457,237.98462,239.69868,254.30988,330.36652,482.66766,605.6322,615.0049,660.68085,654.1459,634.4757,644.8126,630.6065,604.8597,546.71985
3,202.2409661583713,202.22287,202.64981,198.83269,196.75864,189.57838,185.47215,185.82445,185.77507,186.36153,186.25397,186.21886,188.9581,199.39929,206.3458,208.79195,209.1754,209.01419,207.3252,206.69072,206.62848,205.95926,206.6713,206.25581,205.06836
4,344.79610758484847,336.42746,378.32123,363.94803,334.0466,287.1337,247.86615,210.6109,200.861,188.9812,186.67892,186.70125,194.6514,238.35616,322.44965,385.476,406.67603,410.8125,410.90573,402.8095,402.39423,400.97745,382.09848,352.80502,326.12573
5,168.51366767242507,168.49857,168.85431,165.67375,163.91173,157.96283,154.54138,154.82292,154.79378,155.2824,155.19276,155.16353,157.446,166.14592,171.9339,173.9721,174.29166,174.15732,172.75003,172.22139,172.1695,171.61191,172.20512,171.85896,170.86852
6,70.6653880760345,70.65907,70.80824,69.40048,68.749794,66.24094,64.791756,64.92926,64.91201,65.11692,65.07933,65.14082,66.024216,69.67247,72.09965,72.95435,73.08836,73.035255,72.44191,72.22018,72.19843,71.964584,72.21338,72.071724,71.652885
7,422.3943680564015,423.26147,454.40552,439.32623,409.129,347.9482,305.81796,268.01312,254.44745,241.29332,238.70038,238.95564,248.73166,294.3443,401.45862,481.14554,503.31717,509.99182,508.4389,492.0096,506.52536,496.16434,480.14395,440.82565,394.65952
9,104.01629832374036,104.00699,104.226555,102.154396,101.19662,97.50369,95.383965,95.565605,95.547585,95.84921,95.793915,95.77582,97.18468,102.55479,106.12747,107.38557,107.58279,107.531685,106.63123,106.3049,106.27285,105.92871,106.29488,106.08121,105.46986
10,225.1889477667649,222.10458,256.40872,247.34865,218.42432,181.96585,151.33969,119.30698,111.6379,100.238464,98.58706,98.676414,105.62905,136.70189,203.52383,242.0604,258.7822,268.8417,272.29883,263.66443,267.10892,262.93146,249.40149,226.55339,205.71017
11,677.7920593952551,675.2536,734.08154,698.3827,654.5022,557.1641,475.60852,409.54102,388.9623,365.05457,360.04742,356.11774,373.88843,457.22043,636.3524,773.60333,816.4669,831.609,826.16473,803.6551,821.84204,810.9992,772.06384,703.556,617.9497
12,293.2230761514891,291.75446,311.5626,303.89526,279.77887,238.30006,216.45992,189.41077,184.91107,174.01108,172.89276,171.96225,179.38481,212.58305,280.10052,334.9115,350.8534,357.44095,357.36066,346.1259,354.80634,347.92596,335.16,307.9631,272.264
13,312.53379951565904,312.5059,313.16565,307.16425,304.18097,292.70007,286.6201,287.16446,287.19824,287.99457,287.82828,287.774,292.0071,308.14236,318.8772,322.6573,323.24994,323.00082,320.39084,319.41034,319.31415,318.2799,319.38013,318.7381,316.90308
14,129.02804066764932,128.9964,129.24628,126.718445,125.53038,120.96744,118.32968,118.545296,118.52295,118.89709,118.8285,118.80604,120.5537,127.21507,131.64685,133.20744,133.45212,133.38869,132.27177,131.86697,131.82722,131.40033,131.85455,131.58948,130.83188
15,172.03740866077592,172.02208,172.38518,168.95798,167.43954,161.26593,157.77289,158.06038,158.0306,158.52954,158.43279,158.40805,160.7383,169.6202,175.52916,177.61,177.9362,177.85167,176.36243,175.82268,175.76967,175.20041,175.80605,175.45267,174.44255
16,293.9913016493261,304.37418,322.20953,309.18488,298.8382,277.54163,253.85265,231.49843,221.8671,218.33952,217.10077,217.06715,223.73969,243.54944,269.30194,274.82315,278.55487,277.44528,276.594,278.40683,276.93616,272.733,272.40082,278.0882,293.2539
17,347.54480665064864,347.45956,348.2473,341.68774,338.12357,325.78467,318.55472,319.30887,319.24863,320.25644,320.0612,320.0113,324.7187,342.6615,354.59888,358.80328,359.4614,359.18433,356.28198,355.19162,355.08463,353.93457,355.15814,354.44418,352.40347
18,1256.165200646231,1233.9789,1376.2477,1328.1222,1217.0492,1041.5264,892.17896,769.7214,737.23065,686.462,678.7688,680.9608,693.7878,861.3986,1171.4546,1410.3593,1488.0815,1496.1042,1509.372,1474.0688,1466.9926,1464.3413,1399.0251,1285.216,1172.6176
20,276.59274305859185,276.52487,277.1734,271.8407,269.23224,259.27487,253.65907,254.12126,254.0733,254.87589,254.72832,254.68022,258.42648,272.71463,282.2066,285.55298,286.0765,285.94052,283.54623,282.67847,282.59323,281.67795,282.65186,282.08356,280.4595
23,1657.877994783013,1634.1327,1822.9904,1768.2195,1610.3094,1370.5996,1180.0344,1002.8269,963.9141,885.3143,876.8571,876.1287,912.8095,1120.1206,1548.7373,1875.6091,1979.724,1982.3804,1999.551,1948.2335,1955.7535,1939.5114,1842.0758,1696.1835,1547.9529
24,137.74359680968666,137.73131,138.03275,135.35428,134.06229,129.11931,126.34022,126.562515,126.5289,126.9283,126.855034,126.83113,128.6968,135.8082,140.53406,142.1943,142.46649,142.36307,141.20645,140.7743,140.73186,140.27611,140.76102,140.47803,139.66927
25,239.307419996776,247.6837,260.23584,251.23651,242.50679,225.90924,208.11052,191.99498,185.07423,182.13878,182.13298,182.13335,186.50308,202.84663,222.23625,226.57237,229.90747,228.50703,227.06287,229.2161,227.85938,224.20142,224.03618,227.911,238.77202
26,266.2367187508073,266.06726,289.05072,275.8358,255.2838,216.93498,187.31204,163.28784,153.1783,144.34668,143.0998,141.92465,148.68808,180.73947,253.2711,306.53177,324.601,326.81992,325.98868,316.04684,326.67447,320.53323,305.25848,279.16644,244.241
27,1061.3075903924364,1061.6852,1136.4381,1097.1414,1022.08466,905.0564,825.04016,741.91864,716.4278,693.69385,686.49347,683.5832,717.16473,818.0548,1009.8596,1149.859,1204.0599,1216.0862,1211.4249,1180.7546,1197.874,1176.0267,1164.939,1088.717,1013.17993
29,215.04677665390253,215.02757,215.48149,211.3521,209.21733,201.58244,197.17236,197.59074,197.53825,198.16187,198.04755,198.23466,200.92285,212.02512,219.41151,221.99524,222.42024,222.25868,220.45302,219.7783,219.71213,219.00055,219.75763,219.31581,218.05315
30,2097.300243946284,2033.9811,2193.659,2134.769,1943.2145,1613.7379,1448.5516,1271.3601,1216.8124,1160.9038,1142.8881,1136.0648,1183.8431,1454.2567,2004.9487,2530.8955,2678.7249,2753.439,2806.1086,2619.256,2713.2266,2640.321,2559.2354,2270.1396,1893.8899
31,357.0689802155298,356.98135,357.7908,350.93442,347.3178,334.71252,327.4626,328.05933,327.99744,329.0329,328.84286,328.78104,333.6173,352.05188,364.31622,368.60632,369.31207,369.1366,366.04556,364.92532,364.81546,363.6337,364.89096,364.15744,362.06085
32,156.26689975782952,156.25294,156.58282,153.58212,152.09048,146.35004,143.31004,143.58223,143.59912,143.99728,143.91414,143.887,146.00356,154.07118,159.4386,161.32864,161.62497,161.50041,160.19542,159.70517,159.65707,159.13995,159.69006,159.36905,158.45154
33,2052.3243085718123,1980.5852,2162.2473,2109.614,1920.9324,1592.5869,1416.7274,1233.3357,1149.0419,1098.5557,1082.7133,1097.9509,1124.2975,1407.1881,1973.4072,2491.3623,2628.042,2689.3428,2683.751,2559.1243,2676.7578,2602.972,2517.923,2226.9424,1834.2865
34,305.40850894924927,328.11423,358.47354,350.93674,322.7587,291.73843,250.48184,209.56602,187.88887,181.34685,179.61981,179.78468,186.86357,212.49274,251.36409,264.04047,269.53192,266.26846,264.23917,271.54202,268.06998,260.8167,259.04245,270.78284,300.6518
35,541.352799001294,531.5222,617.0972,593.2178,525.736,437.35217,362.70654,287.07098,269.6871,245.04308,237.63084,238.19235,252.88963,330.18463,483.62793,603.6451,627.814,660.092,655.5395,631.47504,647.41724,630.72064,605.6967,547.3087,492.28262
3,203.05936897849045,201.99031,198.46185,196.77829,189.33908,185.28062,185.77983,185.7889,186.08617,186.3248,186.3703,189.0127,199.77615,206.29117,208.8603,209.04013,209.02486,207.17784,207.1046,206.88242,205.89786,206.5844,206.22481,205.16515,207.1167
4,355.28856795495494,374.33307,365.18387,332.35907,288.0225,248.8954,210.1437,199.91396,187.68645,185.75989,187.07207,192.89787,238.00453,320.61795,387.6891,406.68024,409.6805,409.5741,401.62283,402.94153,400.9125,381.80554,351.97345,325.01416,324.0801
5,169.19558718394345,168.30476,165.36476,163.962,157.75275,154.38176,154.79773,154.79327,155.05296,155.25179,155.28975,157.49141,166.45992,171.88849,174.0291,174.17891,174.16629,172.62723,172.56622,172.38115,171.56071,172.1328,171.8331,170.95018,172.56813
6,70.95134771114101,70.5778,69.34492,68.64312,66.157326,64.739265,64.89995,64.91683,65.02071,65.104065,65.119995,66.03778,69.804184,72.0806,72.97827,73.04109,73.03578,72.45733,72.36483,72.28718,71.943146,72.18302,72.057365,71.69064,72.365585
7,431.1106445954289,453.054,433.51733,407.46222,339.16904,305.9818,266.85016,256.4079,240.22734,237.69958,238.48952,247.94078,294.8775,401.41882,479.92142,503.43817,510.77936,504.44125,490.94418,505.73795,498.45764,476.2284,440.31152,392.92392,393.81003
9,104.4372181477677,103.887375,102.07262,101.0396,97.380615,95.29328,95.51044,95.5473,95.7076,95.83029,95.85376,97.21273,102.74861,106.09939,107.42075,107.513214,107.5054,106.591866,106.517784,106.40351,105.897095,106.25023,106.06527,105.52026,106.51897
10,234.94308875526485,250.88011,249.36351,216.34254,182.18826,151.42879,118.98445,110.13304,99.803024,97.840065,98.59626,105.66201,136.12337,201.39967,252.6348,260.55258,269.31473,271.1902,264.39078,267.6791,262.5204,249.33731,227.24147,206.1012,206.83382
11,692.7806199164082,728.97675,702.8702,651.3292,553.00073,480.11105,410.20578,386.34958,363.60803,357.7932,357.25732,373.9244,458.16696,635.45593,777.6352,809.1211,816.3802,829.30804,803.06134,825.3214,810.9407,770.7922,701.8143,620.2496,624.1783
12,297.26597638317514,305.68317,299.6146,278.86755,236.88123,216.20866,188.15332,182.23694,173.01936,172.51149,172.73576,179.62967,213.91849,278.65942,333.92056,350.4576,356.77,358.32794,346.5423,354.22174,347.46692,335.00067,306.8574,272.8744,263.71494
13,313.7985212373,312.14642,306.69373,303.97543,292.45865,286.49118,287.09552,287.1095,287.75964,287.9377,288.00806,292.09152,308.7248,318.79285,322.76303,323.04083,323.01736,320.1631,320.04996,319.7066,318.185,319.24594,318.69012,317.0527,320.0685
14,129.5501748047764,128.8612,126.57498,125.33557,120.79674,118.18077,118.52596,118.52261,118.72143,118.87363,118.902725,120.588524,127.45557,131.61205,133.25111,133.36581,133.35612,132.22285,132.13103,131.9893,131.36108,131.79915,131.56973,130.89366,132.1387
15,172.7335875956793,171.82423,168.82265,167.11415,160.98688,157.61002,158.03464,158.03015,158.29523,158.49825,158.54251,160.78468,169.94072,175.48273,177.66815,177.82114,177.80821,176.29723,176.17476,175.98575,175.14821,175.73216,175.42627,174.5249,176.18498
16,312.06299772786565,322.09647,308.96994,298.40982,278.11932,253.89906,231.51218,221.92323,217.91524,217.08151,217.08588,223.46843,242.94516,269.31912,274.43118,278.3998,277.56937,276.83392,278.6345,276.62915,272.77808,272.33447,277.7491,293.456,306.41736
17,348.9512064285151,347.09534,341.0505,338.1574,325.3733,318.39905,319.26538,319.2477,319.7833,320.1933,320.2828,324.81244,343.30917,354.50494,358.92,359.2307,359.2028,356.0287,355.90292,355.52112,353.829,355.00885,354.3909,352.56992,355.92355
18,1292.307999905444,1365.7733,1328.0419,1212.1669,1026.4166,895.62146,775.5598,727.4244,680.13324,676.4279,678.0744,701.462,862.7254,1179.7535,1414.1761,1489.8936,1502.8484,1501.5297,1473.921,1468.962,1460.9388,1402.724,1282.8485,1171.1835,1176.2626
20,277.71202311961747,276.23502,271.44736,269.01855,258.88785,253.39706,254.07979,254.0726,254.49878,254.82686,254.88747,258.50125,273.22177,282.13235,285.64566,285.89313,285.8708,283.4414,283.2445,282.94073,281.59412,282.53293,282.04114,280.59195,283.2609
23,1706.8088450240389,1814.702,1765.4554,1606.4971,1367.594,1167.6835,1002.23224,961.38684,887.7546,875.13654,877.2502,905.07605,1123.8135,1557.3346,1870.6901,1973.4276,1998.2764,1999.3372,1953.0444,1953.1194,1939.2145,1856.7507,1693.5237,1547.5275,1544.526
24,138.3009999423147,137.57292,135.18118,133.79117,128.89594,126.19218,126.55156,126.538284,126.7408,126.90325,126.934296,128.734,136.06485,140.50215,142.24666,142.36,142.36401,141.23656,141.05618,140.90488,140.23424,140.70189,140.45694,139.73517,141.06438
25,252.43635447417927,260.10223,251.59552,241.58446,226.26382,207.99493,192.83307,184.88321,182.22398,182.07053,182.10341,186.68631,202.88013,222.40495,226.47809,229.55386,228.40155,226.9373,229.54436,227.8758,224.33878,223.79552,228.20853,238.87816,247.71342
26,271.3185783290264,280.76025,275.1666,254.62424,216.05383,185.5756,161.6859,152.6063,144.22278,142.45103,141.65784,148.79156,179.29755,251.82167,307.3019,323.37897,330.9713,323.96164,316.82837,325.86908,320.71567,305.20227,278.80554,244.27083,249.93437
27,1084.95834135194,1122.4365,1096.151,1021.53577,906.0721,826.9377,741.73193,716.755,694.60156,687.74524,683.57324,713.77527,826.64636,1013.8968,1137.0735,1204.646,1219.3616,1210.2941,1186.3555,1187.3822,1179.8191,1163.5715,1088.5953,1015.06305,1016.433
29,215.91700038658223,214.78023,211.02832,209.15796,201.32797,197.01251,197.50162,197.55289,197.86908,198.12279,198.17126,200.96426,212.42589,219.35342,222.08525,222.25392,222.26021,220.49995,220.21848,219.98215,218.93526,219.66525,219.28288,218.15613,220.23122
30,2093.3548478279245,2163.6929,2107.4485,1938.0807,1620.3297,1432.5277,1268.8413,1202.9629,1163.0447,1139.3969,1140.0286,1201.6996,1443.4205,2010.8274,2514.006,2682.5957,2763.386,2785.7295,2632.0469,2720.1663,2643.4485,2538.9424,2262.4175,1875.1593,1832.5337
31,358.51392119824146,356.60718,350.39673,347.29117,334.2673,327.1245,328.00577,327.99655,328.5467,328.968,329.04834,333.71368,352.71722,364.21997,368.7558,369.03592,369.0464,365.91034,365.65604,365.26385,363.52548,364.73737,364.10266,362.23184,365.6773
32,156.89926061865,156.07321,153.34686,151.98772,146.22932,143.24559,143.54776,143.55475,143.87982,143.96886,144.00403,146.04576,154.3624,159.39642,161.38152,161.52042,161.50868,160.08154,160.02498,159.8533,159.0925,159.62297,159.34506,158.52635,160.03426
33,2050.1621023844914,2120.6433,2086.9656,1911.314,1586.2079,1411.353,1228.977,1141.9119,1094.6505,1077.7678,1085.723,1139.502,1402.5161,1970.2966,2492.804,2627.6301,2681.581,2686.866,2571.1558,2669.955,2609.287,2528.0632,2238.4307,1840.3431,1782.758
34,338.5290506243764,359.5207,350.59833,322.56644,292.25586,249.30135,209.22496,188.09383,181.51518,179.76903,179.61981,186.79926,212.44362,251.36826,262.97647,269.64844,266.7365,264.2411,271.2703,268.42044,261.00558,258.1562,271.373,299.90994,332.85193
35,563.2581148787938,609.11487,592.7115,520.40674,427.19928,365.45428,289.0015,268.29742,243.50113,236.93239,238.48152,252.6369,328.55765,484.45914,592.51746,622.6586,663.30255,656.89435,629.1673,646.2711,634.21936,605.02026,547.62604,493.83527,493.12466
3,203.43231203575988,199.28796,197.6089,189.4757,185.46645,185.81665,185.7196,186.3684,186.19257,186.59148,188.87112,199.51901,206.28343,208.3797,209.25798,208.98695,207.52844,207.1885,206.66951,205.96402,206.63354,206.22787,205.02393,207.11482,208.12761
4,392.1305313847503,372.29984,334.8679,296.03302,244.54135,212.29765,200.11513,188.57121,185.68907,186.72588,195.90018,236.57182,323.5173,387.21228,407.02914,409.75848,411.19827,401.3495,402.09802,401.43942,383.07346,352.84027,326.09238,323.62164,352.84897
5,169.5063353157746,166.05307,164.65408,157.87724,154.51491,154.8284,154.74754,155.27617,155.14163,155.474,157.3735,166.24564,171.88197,173.62871,174.36043,174.13463,172.91936,172.63611,172.20369,171.61588,172.17368,171.83572,170.83249,172.57469,173.42711
6,71.08165843093639,69.63356,69.046906,66.1749,64.80418,64.92656,64.88868,65.11933,65.05789,65.197266,65.99381,69.73765,72.077896,72.810326,73.11723,73.02251,72.512886,72.394844,72.2128,71.96626,72.20021,72.05845,71.63779,72.37188,72.72581
7,473.1246209908084,447.9287,407.33386,362.73404,304.43634,267.92825,255.89503,240.42921,238.02892,238.32841,247.6772,295.9551,404.18237,478.1419,504.25467,510.9322,505.50668,491.62982,506.21277,498.27695,480.18893,441.89658,394.26926,396.72534,434.37057
9,104.62902971314722,102.49751,101.63396,97.40646,95.38882,95.56898,95.511894,95.84537,95.76232,95.96746,97.13997,102.61635,106.09541,107.17355,107.62528,107.48588,106.73575,106.54746,106.29401,105.931145,106.27549,106.06686,105.44764,106.523,107.04917
10,265.35168346926486,252.72337,217.76158,177.28552,151.47827,120.44401,110.82229,100.51607,98.14679,97.82562,105.193016,136.02258,203.35457,247.3366,265.45886,269.3378,271.40543,264.17194,267.89862,261.71912,249.47691,227.62196,205.21002,206.79515,235.00597
11,767.0671735355417,723.01996,655.1059,569.40063,478.64633,408.3888,388.2944,361.35654,359.35556,353.90073,377.94763,454.7898,636.05725,777.48865,822.9752,818.2554,817.93286,797.365,822.8497,813.04553,770.85,704.69336,621.56305,626.60016,705.7132
12,324.50972223850044,311.81427,280.85565,244.68668,214.02664,188.25804,182.53471,173.83238,171.92107,172.9963,179.61127,213.28387,280.5844,334.56778,350.7141,358.45895,357.3352,345.68292,354.44894,348.99686,336.48453,308.8066,271.64096,265.03204,302.729
13,314.37485012311106,307.9703,305.37567,292.8384,286.56934,287.07315,287.00244,288.0051,287.73718,288.34985,291.87274,308.32745,318.78088,322.02032,323.37753,322.95865,320.70483,320.1795,319.37762,318.28723,319.32193,318.69504,316.83435,320.06558,321.63074
14,129.78810934827732,127.14857,126.0156,120.82881,118.326035,118.532455,118.48754,118.89235,118.78932,119.04378,120.49824,127.29147,131.60706,132.9445,133.50485,133.33192,132.40137,132.1678,131.85344,131.40337,131.83044,131.57169,130.80359,132.13748,132.78369
15,173.05083369259728,169.52547,168.0971,161.1051,157.74501,158.06598,157.98338,158.52313,158.38579,158.7251,160.65909,169.72197,175.47617,177.25935,178.00647,177.77592,176.53525,176.2238,175.80466,175.20442,175.77399,175.42888,174.40477,176.18336,177.04498
16,328.4110171275799,309.49588,299.8183,277.55682,253.79697,231.0359,221.62419,217.99922,217.17088,217.12372,223.37366,244.93753,268.4672,274.58832,278.32178,277.577,277.06522,278.41888,276.82373,272.62,272.39838,277.74216,293.33215,307.32834,320.03036
17,349.59209746653016,342.48233,339.58478,325.6081,318.71826,319.32016,319.48154,320.2436,319.9661,320.6516,324.55872,342.86728,354.4917,358.09406,359.6034,359.13916,356.6312,356.04694,355.1552,353.94284,355.09332,354.3962,352.32715,355.92035,357.6608
18,1426.9093909143255,1355.6891,1226.4244,1026.8535,891.6065,773.99664,737.0451,685.7625,675.9746,678.27136,693.0014,862.5626,1188.7157,1387.2279,1485.1571,1504.4688,1504.5302,1474.7795,1480.3448,1466.6648,1400.2764,1285.6968,1177.818,1173.2651,1293.546
20,278.22207479299624,272.5637,270.24866,259.16238,253.66208,254.13017,253.99748,254.86522,254.64429,255.19073,258.30774,272.87018,282.12134,284.98145,286.1895,285.8203,283.82413,283.3234,282.6495,281.68463,282.60016,282.04532,280.3989,283.2584,284.6435
23,1889.5312591174168,1807.3011,1592.205,1422.5272,1179.2585,1002.4607,959.2346,888.494,879.8114,877.17615,916.3565,1120.8334,1574.2466,1866.9366,1974.0259,1992.4307,1998.1311,1957.3541,1954.0441,1942.4211,1848.0641,1694.308,1548.936,1547.3503,1709.5228
24,138.55500643313252,135.73236,134.58424,128.93011,126.300255,126.557274,126.495445,126.93302,126.81329,127.08493,128.63762,135.88968,140.49687,141.92465,142.51749,142.35196,141.34482,141.11475,140.75986,140.27937,140.73535,140.45909,139.63905,141.06306,141.75291
25,264.26302539109724,251.88326,242.77847,225.95784,208.42041,192.3496,184.78358,182.10654,182.18484,182.09563,186.51526,201.8048,222.316,226.62909,229.25584,228.16165,227.06747,228.91896,227.92157,224.31017,224.00783,227.80316,239.67543,247.38348,258.7758
26,299.9969072378351,280.73404,254.62935,218.67052,189.73058,159.6003,152.93343,144.35493,142.6433,141.87537,150.11647,178.88791,254.23529,304.9915,322.41614,329.1452,326.66058,316.3231,327.13565,319.82977,304.71423,276.31537,244.59962,249.84383,274.03333
27,1166.9705868382964,1107.7783,1018.04785,919.9973,825.35895,742.5286,718.8624,688.06067,685.8109,685.44037,717.2115,827.94025,1011.56055,1137.1417,1204.8564,1217.1406,1217.2552,1177.047,1195.4023,1166.8713,1162.092,1086.3927,1014.31964,1017.77765,1091.2444
29,216.31355803691724,211.90678,210.12141,201.49486,197.21011,197.5825,197.46732,198.16913,197.98224,198.40634,200.83041,212.22356,219.3452,221.57419,222.5081,222.2414,220.66904,220.30978,219.75583,219.0056,219.7175,219.2862,218.00595,220.22923,221.30615
30,2310.5524298337355,2184.7742,1925.8477,1683.9622,1475.8882,1270.0054,1206.8042,1155.3936,1143.3715,1137.0051,1192.3278,1452.8834,2026.7869,2540.3594,2660.378,2772.1128,2816.3926,2641.8477,2716.9084,2647.6543,2561.122,2268.1062,1877.3494,1815.0406,2181.411
31,359.1723753169455,351.86777,348.89084,334.56705,327.40656,328.07098,327.89948,329.01978,328.7346,329.43896,333.4637,352.26328,364.20618,367.90735,369.4579,369.01517,366.40433,365.75793,364.88785,363.6423,364.8244,364.10788,361.98248,365.67407,367.46225
32,157.18742506155553,153.98515,152.68784,146.4192,143.28467,143.53658,143.50122,144.00255,143.86859,144.17493,145.93637,154.16373,159.39044,161.01016,161.68877,161.47932,160.35242,160.08975,159.68881,159.14362,159.66096,159.34752,158.41718,160.03279,160.81537
33,2273.630618974826,2190.106,1876.8724,1654.8542,1416.8066,1224.1064,1144.5195,1092.2031,1072.1628,1082.998,1136.8807,1402.3141,1949.8856,2487.597,2637.0498,2688.151,2683.7615,2571.236,2669.7656,2606.3005,2525.6008,2254.133,1839.4814,1779.121,2129.8372
34,368.9444401598773,350.4924,322.05396,291.72507,250.31009,208.98401,188.1633,180.92308,179.93407,179.81302,186.47174,212.8671,251.50333,261.9664,269.049,266.30283,264.01178,271.69205,267.99722,260.67868,258.49228,270.29156,301.80988,337.47723,352.19467
35,635.7928206387937,607.08844,524.1546,436.27557,357.7383,288.6456,268.64243,243.43713,236.32106,238.36794,253.65215,324.674,482.51694,603.00934,650.09827,657.47485,659.0409,627.7789,643.9515,632.95056,605.196,547.5356,492.1654,497.1885,552.4067
3,198.91555723105208,196.57057,190.00102,185.44931,185.85226,185.82222,186.19453,186.36754,186.54877,189.2072,199.64473,206.23431,208.64355,209.15446,208.89638,207.44437,207.38124,206.8335,205.90465,206.71793,206.27335,205.12846,207.14418,208.10686,202.3836
4,375.4202691433397,340.14917,306.98,259.30624,218.1897,201.24942,189.68729,186.80278,186.29182,192.64258,234.24998,320.84128,386.73892,405.58508,410.15973,409.0018,401.0753,401.03525,400.5767,381.50848,353.89462,325.7823,322.23337,353.80325,353.17453
5,165.7428301635972,163.78885,158.3149,154.5223,154.84926,154.83304,155.14325,155.27547,155.43842,157.6535,166.3504,171.84102,173.84848,174.27428,174.05916,172.84929,172.7967,172.34032,171.56636,172.24405,171.87354,170.91968,172.59912,173.40134,168.63112
6,69.50345082452577,68.68406,66.3886,64.81604,64.93898,64.9285,65.068504,65.11903,65.18234,66.11123,69.758224,72.08371,72.90254,73.08103,72.9909,72.48352,72.46144,72.25433,71.94555,72.2297,72.07434,71.674324,72.37862,72.71852,70.71464
7,453.8425226351007,413.85156,377.82477,323.5024,268.91885,256.76,242.07622,239.19002,238.2384,250.19545,294.07678,402.42834,478.81836,503.64243,511.76404,505.7858,493.46115,506.98712,497.20264,478.50507,438.1208,392.4179,396.77658,435.09845,428.61978
9,102.3059785324395,101.09987,97.721054,95.4063,95.58726,95.571846,95.7753,95.844925,95.9455,97.31278,102.68103,106.07014,107.30925,107.572044,107.439316,106.69249,106.66004,106.39903,105.900604,106.318886,106.09022,105.50142,106.5381,107.03324,104.08881
10,252.7086180537649,222.22803,186.69135,152.61986,121.39379,110.467186,100.81665,98.452576,98.45907,105.215004,136.90886,202.32935,252.73982,263.80374,267.85968,272.68796,264.5611,268.49057,261.62152,248.6598,226.43039,205.00017,207.90463,234.48145,234.71414
11,734.6403053321507,653.0255,586.3531,496.61865,410.81012,389.59924,363.59372,358.8897,357.1957,373.5624,451.25735,640.3232,769.67615,820.26825,832.688,829.02405,802.3214,824.476,808.242,770.2022,704.3677,620.2824,628.4134,701.3288,686.4029
12,311.86413827400537,285.8268,257.68512,224.12247,190.92998,185.75072,175.16078,172.84416,173.40366,179.71204,212.7176,279.89587,335.13425,349.9986,356.68878,360.30548,346.13068,354.41766,348.00333,335.41284,307.68512,273.08615,263.05472,304.11688,295.81464
13,307.39486695051033,303.7709,293.61874,286.61807,287.0654,287.15836,287.73633,288.00375,288.2101,292.39206,308.5217,318.70493,322.42807,323.2176,322.81882,320.57483,320.47736,319.6309,318.19556,319.45233,318.7652,316.9961,320.1109,321.5987,312.75424
14,126.90645765476596,125.43552,121.19812,118.347664,118.57219,118.54458,118.79054,118.89181,119.01656,120.712585,127.371666,131.57578,133.11281,133.43878,133.27415,132.34772,132.3075,131.9837,131.36545,131.88432,131.60059,130.87027,132.15627,132.77043,129.11902
15,169.2086309632573,167.21388,161.62541,157.79697,158.01807,158.07074,158.38739,158.5224,158.68878,160.95015,169.82373,175.43436,177.4838,177.9184,177.6989,176.46368,176.41,175.97832,175.15398,175.84575,175.4676,174.49371,176.20833,177.02727,172.15877
16,316.2697062818742,299.54395,278.40894,252.9215,232.6136,221.73497,218.14084,217.21397,217.23448,223.2035,243.65665,268.53513,274.69272,278.12622,277.54205,276.79962,278.7185,276.9223,272.9757,272.19434,277.67648,292.947,307.65875,320.19714,311.80835
17,341.830194895014,337.86813,326.5108,318.6889,319.3813,319.32968,320.21536,320.24216,320.57812,325.1466,343.07272,354.40723,358.5475,359.4254,358.98203,356.45633,356.3782,355.43692,353.84082,355.23837,354.47427,352.50702,355.97073,357.62518,347.7899
18,1366.4231350687007,1230.0652,1051.5225,940.7994,779.7947,739.9182,693.419,678.246,677.3081,706.72235,844.7405,1190.0554,1412.3145,1481.4594,1500.756,1500.8486,1475.9957,1481.0392,1464.4794,1402.8121,1285.89,1176.1107,1178.5315,1301.4701,1290.4082
20,272.0447823042978,268.8916,259.8436,253.65732,254.06958,254.13783,254.64706,254.86406,255.13144,258.7333,273.04205,282.05423,285.34906,286.04105,285.695,283.68512,283.62277,282.92877,281.60333,282.71564,282.10748,280.54172,283.29852,284.6152,276.7878
23,1808.487247988719,1630.9073,1391.7451,1224.8073,1029.584,959.4413,885.19336,886.76337,881.53894,908.5158,1120.8353,1552.5039,1872.092,1960.5101,1997.0382,1986.7845,1957.9369,1961.4551,1938.7227,1844.9094,1692.3494,1542.8278,1555.9011,1707.4059,1703.5977
24,135.47870559989434,133.88152,129.40257,126.38858,126.51887,126.561066,126.81939,126.932434,127.05584,128.86646,135.97533,140.4634,142.1043,142.45233,142.27122,141.30133,141.24452,140.84088,140.23889,140.79282,140.48999,139.71031,141.08311,141.73872,137.84076
25,254.9023111342573,242.0276,226.2086,208.13629,192.24805,184.83438,182.10323,182.08324,182.23436,186.55568,201.9903,221.792,226.54013,229.60258,228.45673,226.56612,229.15398,228.29646,224.3579,223.86064,227.89977,237.92874,247.53946,258.7654,251.75607
26,287.47526817692983,261.2256,233.93404,196.51181,164.58392,154.32126,145.87102,143.31361,141.67877,148.90598,179.23969,250.62268,305.429,324.00818,329.3528,326.96408,318.77673,325.66565,320.26758,305.18243,277.0534,243.9321,250.59422,273.79388,268.37045
27,1123.549008311427,1031.0894,908.9001,853.5946,746.0199,720.25946,692.1216,685.64185,683.55164,716.30566,822.69824,1009.0542,1151.7389,1205.1294,1217.2477,1211.5681,1178.8988,1197.797,1179.0892,1160.6033,1083.2484,1010.90485,1017.3176,1090.8483,1072.1248
29,211.51080427174867,209.01727,202.0318,197.21481,197.62036,197.58842,198.01457,198.16823,198.36096,201.1877,212.28618,219.3631,221.85472,222.39804,222.12363,220.60114,220.51254,219.88222,218.94249,219.80722,219.33447,218.11714,220.26045,221.28412,215.19843
30,2219.7728686611345,1966.0127,1687.2902,1467.3763,1282.0259,1209.4015,1168.6257,1148.8397,1145.2543,1190.6697,1469.2338,1980.315,2525.347,2666.3452,2754.3445,2811.2917,2637.4617,2724.9568,2655.1726,2558.0586,2273.1523,1881.3389,1822.4186,2177.2852,2132.258
31,351.19776432375204,347.12717,335.45853,327.46033,328.11514,328.08075,328.73804,329.01828,329.36346,334.05704,352.48514,364.11948,368.37314,369.2753,368.8196,366.29156,366.1444,365.24844,363.53745,364.97333,364.18832,362.16696,365.72586,367.42554,357.3208
32,153.69743347525517,151.88545,146.80937,143.30904,143.5327,143.57918,143.86816,144.00188,144.10506,146.19603,154.26085,159.35246,161.21404,161.6088,161.40941,160.28741,160.23868,159.81544,159.09778,159.72617,159.3826,158.49805,160.05545,160.79935,156.37712
33,2182.337158189658,1957.1554,1650.8888,1507.9207,1227.8296,1146.809,1096.8695,1084.6506,1075.7483,1143.4436,1427.1589,1943.201,2481.9333,2643.382,2696.33,2672.2417,2571.8364,2686.258,2599.6245,2520.1492,2251.25,1836.0856,1785.9648,2123.544,2085.0242
34,351.593374412366,323.686,291.6613,250.54967,209.73859,188.02199,181.45174,179.9043,179.99788,186.99258,212.52074,251.20917,262.67093,268.996,266.63196,264.107,271.96237,268.3216,260.84372,258.02008,270.52405,302.02316,333.8523,353.45084,347.9884
35,605.7490786062939,531.3781,439.4669,386.67,290.76764,269.83978,244.2196,238.49733,238.17044,253.04384,323.2505,479.35538,609.49225,647.6724,652.3721,656.87134,632.1208,644.2792,630.2252,604.5838,546.2581,494.6817,496.04117,555.13477,552.77655
3,195.8284174792105,189.57092,185.5293,185.77948,185.87196,186.27068,186.10982,186.492,188.88771,199.27466,205.8426,208.56978,208.95181,208.69414,207.59131,207.44743,206.95535,205.95872,206.75876,206.40681,205.15393,207.08377,208.05975,202.38884,198.85751
4,340.9140897878113,290.48715,258.50217,212.79263,200.8427,188.66121,187.05756,186.68813,194.78862,238.8016,320.09293,389.3415,407.50305,409.6698,411.14218,400.3315,402.92398,401.37665,381.41025,352.2631,325.92416,322.95575,351.99448,351.91708,327.1311
5,163.17052618343925,157.95657,154.58899,154.79738,154.86656,155.20671,155.07268,155.49718,157.38731,166.04198,171.5147,173.78705,174.10533,173.89073,172.97173,172.85187,172.44183,171.61142,172.27805,171.9848,170.94083,172.54886,173.362,168.63689,165.6931
6,68.42476764399741,66.23833,64.82613,64.91655,64.94586,65.085205,65.10331,65.16253,65.99961,69.628944,71.92386,72.85278,73.01024,72.920204,72.53486,72.484604,72.312645,71.96342,72.24398,72.120995,71.68322,72.35751,72.6985,70.72059,69.482574
7,413.7008344066811,354.78186,329.90033,266.99933,257.11942,240.8907,239.0327,237.74185,248.78052,300.15485,398.05212,478.61948,501.4425,510.91772,504.22745,492.05762,506.4696,497.94397,476.16663,438.94147,393.26617,396.40363,433.75247,427.81305,395.30386
9,100.71820501901998,97.49986,95.421196,95.55428,95.59738,95.802475,95.79159,95.98178,97.148476,102.490685,105.868706,107.27134,107.46781,107.3353,106.76808,106.694084,106.44099,105.914955,106.3399,106.15887,105.514496,106.507065,107.00899,104.09237,102.27529
10,225.2048991732649,184.57414,158.58743,122.29996,113.02008,102.05909,98.5168,99.384514,105.56737,139.23033,198.32657,253.41864,270.852,267.8741,271.75113,264.06033,268.29523,261.54926,248.86531,227.79512,205.77818,208.16656,234.818,233.89214,211.92764
11,664.6840796871036,574.57355,503.08875,412.98984,389.52545,364.31857,359.54758,355.03967,377.61438,460.05246,624.236,771.48065,798.99274,828.32666,830.5095,802.3013,822.2886,809.7787,770.6471,705.2833,623.51483,626.3167,705.2745,689.17505,632.6962
12,285.4224772599238,249.8001,226.29031,192.55269,184.52702,174.69589,173.21379,172.50784,179.5507,212.50023,277.73584,333.02832,350.8408,356.05106,357.99313,346.92166,352.92075,348.97446,336.73206,306.49252,272.8266,263.04642,303.4882,296.7307,273.77435
13,302.624144506852,292.954,286.7084,287.10446,287.27695,287.80777,287.60544,288.19608,291.9824,307.94977,318.09955,322.31406,322.90436,322.5063,320.802,320.57965,319.8192,318.2791,319.5155,318.97156,317.03537,320.0177,321.5258,312.76236,307.3052
14,124.9368883780082,120.9581,118.34925,118.53123,118.58475,118.83002,118.7365,119.06156,120.508804,127.13556,131.32578,133.0658,133.30946,133.14514,132.44154,132.34969,132.03578,131.38318,131.91035,131.68582,130.88644,132.11774,132.7404,129.12242,126.869446
15,166.58253827210288,161.25964,157.82153,158.04167,158.13454,158.45221,158.31535,158.74875,160.67842,169.51407,175.1071,177.42108,177.74599,177.52684,176.58873,176.46635,176.04773,175.17766,175.88055,175.58109,174.5154,176.15695,176.98714,172.16327,169.15927
16,300.4787512000731,278.5475,252.46288,233.06108,221.6612,218.18439,217.12598,217.27086,223.8513,244.71408,269.1114,274.6528,278.103,277.43112,276.83878,278.598,277.21594,272.9117,272.37103,277.7502,293.467,307.86426,319.889,312.879,298.90598
17,336.5250413025557,325.80804,318.8263,319.25626,319.4151,320.10034,320.11603,320.69937,324.59763,342.44727,353.7461,358.42072,359.07724,358.6344,356.7393,356.46158,355.64636,353.9337,355.30856,354.7037,352.5507,355.86703,357.54413,347.799,341.7304
18,1240.2963348587894,1086.0978,941.2595,774.675,732.84845,684.8589,678.15875,679.2716,709.0306,875.4126,1163.5052,1418.569,1482.6554,1495.0568,1501.501,1476.3031,1472.0219,1472.2598,1405.4318,1285.9528,1177.8843,1173.062,1298.654,1281.6915,1195.92
20,267.82268789688464,259.29358,253.728,254.08777,254.23848,254.75119,254.53117,255.22804,258.33032,272.52728,281.51843,285.24838,285.77066,285.42215,283.9101,283.6893,283.04028,281.64154,282.77148,282.29016,280.57666,283.21585,284.55072,276.79504,271.9654
23,1637.9489804413058,1393.6263,1232.8965,1010.7185,963.08954,884.0179,882.80365,881.43787,915.56244,1147.1812,1543.8015,1888.3466,1970.0714,1983.5356,1989.5664,1950.2628,1955.6304,1946.3264,1843.8739,1686.9075,1546.48,1552.1865,1709.1823,1697.4502,1572.8524
24,133.3760963147912,129.11426,126.35687,126.554924,126.612114,126.8665,126.87062,127.017166,128.64891,135.72325,140.1966,142.05411,142.31425,142.13885,141.38235,141.28014,140.95448,140.27377,140.8206,140.5809,139.72762,141.042,141.70663,137.8443,135.43918
25,243.1073296406029,225.95892,207.28815,192.94566,184.75638,182.0475,182.02948,182.08324,186.61906,202.11302,221.68898,226.68225,229.62277,228.42102,226.7671,229.40463,228.09543,224.33684,223.91644,227.98776,238.65353,247.82558,258.8176,251.67346,241.88971
26,260.3273655604578,222.34502,197.04776,163.36777,153.90367,145.66373,143.56953,141.2271,150.7682,183.05823,248.56383,306.3542,322.37698,329.41846,327.08206,317.81177,326.3384,320.73663,307.3022,277.35223,244.8556,249.71501,274.02066,268.68842,246.33128
27,1042.67380220759,934.39825,852.98224,749.1657,722.1969,691.70166,687.51276,684.86053,714.4562,826.6969,1010.11383,1152.3429,1206.0848,1214.44,1209.3457,1184.9292,1193.4565,1176.101,1162.9828,1078.4382,1014.55945,1012.65405,1089.2635,1074.1606,1007.26245
29,208.22818816619767,201.57446,197.27696,197.54953,197.6413,198.06526,198.12048,198.30057,200.84805,211.89258,218.8765,221.70346,222.18251,221.90857,220.73593,220.56802,220.0597,218.99689,219.85071,219.4764,218.14424,220.19626,221.234,215.20409,211.44907
30,2008.4687728574768,1733.3765,1483.3782,1295.1321,1216.5128,1163.9138,1152.5049,1151.3422,1176.3969,1441.8966,2019.4758,2542.6848,2672.0295,2737.2598,2787.6907,2631.784,2712.6797,2654.8193,2559.2793,2258.5154,1891.0624,1827.7987,2164.1384,2132.2896,1895.2411
31,345.74722745225733,334.7365,327.56354,328.0161,328.1518,328.87247,328.5884,329.488,333.493,351.8318,363.42795,368.243,368.91745,368.4625,366.5154,366.23666,365.3925,363.58667,365.04538,364.42404,362.2121,365.61905,367.3423,357.3301,351.0954
32,151.312072253426,146.477,143.3542,143.55223,143.63847,143.90388,143.80272,144.09804,145.9912,153.97488,159.04977,161.15703,161.45218,161.25314,160.401,160.28983,159.9096,159.13956,159.75775,159.48578,158.51768,160.00885,160.7629,156.38118,153.6526
33,1966.702091924107,1726.7097,1431.2347,1229.3953,1158.8492,1102.0258,1090.4423,1081.8815,1125.3428,1395.9672,1963.5912,2502.49,2635.4834,2687.2366,2673.5227,2557.938,2674.3918,2622.31,2498.6226,2241.981,1832.7219,1766.1809,2128.32,2076.4587,1854.5852
34,325.58318334160816,290.70206,250.11372,208.983,188.26093,181.47299,179.85469,179.9043,186.47281,211.80956,251.59686,262.61066,269.28223,266.31693,264.62463,271.63803,268.75333,261.5797,258.29828,270.81287,299.50027,328.73376,351.7103,347.59906,318.78424
35,539.9501541487939,446.28482,379.09232,291.4679,272.57904,245.95985,239.49338,240.12315,256.464,327.12323,481.7127,611.7576,646.74774,655.0083,657.9933,632.7428,646.8518,629.7065,602.1938,545.334,493.93222,498.42157,554.46185,552.2355,513.5148
3,188.763218449828,185.58171,185.69904,185.8043,186.21344,186.26852,186.47696,189.1578,198.22957,206.13568,208.53638,208.93044,208.84195,207.64111,207.37166,207.03317,206.04451,206.78401,206.28545,205.31003,207.13275,208.05827,202.24211,198.65996,191.25024
4,295.1406497461324,254.92778,215.9525,203.67487,188.94284,187.1046,186.78046,195.21542,237.34956,318.123,388.78262,406.59085,409.48068,410.81955,402.61002,402.5357,402.07336,383.2741,351.83078,326.02704,323.37305,355.73358,350.9728,329.6043,276.28787
5,157.2835754637489,154.63269,154.7304,154.81807,155.16293,155.20494,155.37862,157.52634,165.17128,171.75885,173.75922,174.08754,174.0138,173.01328,172.78871,172.50667,171.68288,172.29909,171.88367,171.07094,172.58958,173.36084,168.5146,165.52986,159.35477
6,65.95610345231842,64.844444,64.88543,64.932556,65.06518,65.08444,65.1542,66.094,69.26378,72.02625,72.865074,72.9559,72.97185,72.55227,72.45811,72.33985,71.99438,72.244354,72.07859,71.73776,72.37464,72.69801,70.66577,69.41768,66.82465
7,359.60058729254666,318.11078,268.57886,258.57947,241.79959,240.36014,238.88509,249.88892,298.71155,395.48798,479.17502,502.68414,509.71313,508.06857,492.1834,507.56293,497.67218,478.5379,439.4296,393.6812,394.3565,437.36383,428.45816,395.89188,344.2581
9,97.08444147488538,95.448135,95.50848,95.57785,95.77302,95.80138,95.884964,97.234276,101.95318,106.01943,107.25416,107.456856,107.411285,106.7937,106.65513,106.481026,105.97251,106.33989,106.09645,105.59475,106.53223,107.00827,104.01689,102.17454,98.3629
10,189.77736582426485,157.07635,120.411835,112.58477,101.14387,98.28935,98.52932,106.42157,139.06267,199.29457,254.57698,270.22223,268.76257,273.65164,264.79742,267.38638,262.46628,249.75089,227.47272,206.6798,209.86998,235.52776,235.19014,215.40602,175.09975
11,571.4868812629692,487.9695,415.9695,391.79535,364.32202,360.451,355.40344,377.5463,459.6646,630.9977,782.40137,788.37897,828.8896,828.6737,799.72504,820.2,812.5207,768.4309,704.824,624.00397,635.94745,706.7658,688.5895,629.83057,540.0023
12,249.3516677790393,221.14816,195.14609,185.66634,175.16655,172.55507,172.82205,179.24205,211.16423,278.856,336.29337,350.17526,356.77536,356.9675,347.23056,356.78552,347.9565,334.90027,308.13483,273.52847,262.775,304.22522,295.83008,273.32922,239.95654
13,291.7059139478756,286.78937,286.9707,287.1923,287.8058,287.86108,288.1729,292.3157,306.88257,318.55243,322.26242,322.87143,322.7346,320.879,320.46262,319.93942,318.4116,319.55444,318.78406,317.2766,320.09335,321.52365,312.53546,306.99985,295.5493
14,120.42935063724042,118.39966,118.4529,118.56048,118.80261,118.83538,118.97077,120.615234,126.468864,131.51285,133.04439,133.29588,133.2394,132.47327,132.3014,132.08539,131.45462,131.91032,131.60838,130.98608,132.1489,132.73941,129.0288,126.74336,122.016045
15,160.5724872138234,157.86617,157.96591,158.08064,158.42564,158.4504,158.6277,160.8203,168.62515,175.35043,177.39854,177.72786,177.65253,176.6311,176.40189,176.11395,175.27289,175.88051,175.4779,174.6481,176.19862,176.98589,172.03839,168.99123,162.6881
16,278.9831743338202,252.25447,232.58894,221.5896,218.08441,216.95361,217.25296,224.11919,244.20738,268.31683,274.402,278.5595,277.3214,276.8221,278.55264,277.45163,272.9076,272.38165,277.84897,293.31696,307.61743,320.50604,312.15186,299.5899,277.66946
17,324.3837166379364,318.91675,319.11798,319.2989,320.00195,320.09668,320.6738,324.88434,340.6514,354.2377,358.3752,359.04047,358.88846,356.82483,356.36182,355.74878,354.0811,355.35196,354.49518,352.81888,355.9511,357.54163,347.54672,341.391,328.65756
18,1072.9260465933046,940.991,776.9945,746.25,687.21796,680.3222,677.535,712.0498,859.3545,1188.3838,1416.1952,1485.7069,1499.1663,1503.6836,1469.4973,1481.0364,1469.0375,1410.8207,1293.4443,1182.1788,1174.3019,1308.2626,1287.8923,1202.5563,1018.2328
20,258.1600423067647,253.80919,253.96007,254.16554,254.70686,254.74825,255.03336,258.5584,271.10663,281.91156,285.20258,285.7416,285.6204,283.9599,283.60965,283.122,281.79453,282.77155,282.12415,280.79016,283.28287,284.5486,276.5944,271.6952,261.5614
23,1412.381729331186,1217.8154,1020.5661,968.0546,887.00354,879.67694,878.34186,917.28033,1119.2601,1550.5374,1880.9324,1961.9706,1982.0272,1991.3184,1952.8033,1963.8273,1947.3623,1856.2585,1698.463,1559.8208,1549.7805,1759.5468,1698.9496,1579.848,1315.0669
24,128.5640844609645,126.39716,126.47246,126.56245,126.8452,126.865036,127.02256,128.8328,135.01149,140.39624,142.03128,142.29976,142.2394,141.4216,141.23276,141.00133,140.33406,140.82137,140.49825,139.83391,141.07535,141.7057,137.74432,135.30458,130.25795
25,226.6614941373234,207.37706,192.97723,184.83,182.05467,181.98003,182.04997,187.08727,202.34871,222.32593,226.85692,229.6203,228.34311,227.28433,229.46619,227.93816,224.28847,223.88023,227.97237,238.34665,247.16115,258.72546,251.85669,241.99646,227.4175
26,224.0094485566932,192.956,163.94376,154.55089,143.90938,144.03522,141.79366,150.59889,181.5367,248.15091,308.45526,319.67322,329.33557,326.5524,316.6887,325.6961,318.9028,308.25803,277.79794,243.31398,251.2112,274.10736,270.5741,247.97902,207.73836
27,930.98507934762,836.00354,745.73773,721.4376,691.77484,687.11487,685.7128,712.3214,828.5814,1015.78046,1152.1272,1202.1737,1214.657,1212.137,1180.8607,1200.0905,1178.9879,1166.6019,1076.278,1012.3752,1015.9072,1090.1926,1073.7778,1008.517,910.49146
29,200.71562379040645,197.3327,197.4574,197.60999,198.0044,198.06299,198.27533,201.13525,210.78142,219.1881,221.74078,222.01726,222.06569,220.78883,220.5024,220.13275,219.09116,219.85178,219.3474,218.31018,220.24826,221.2324,215.04799,211.23904,203.36012
30,1719.7677610185,1514.2184,1321.6884,1232.8733,1191.6461,1155.2019,1154.0461,1185.5029,1457.7318,2014.5106,2540.7144,2678.5867,2746.1917,2802.7246,2624.169,2721.5327,2663.089,2556.5115,2253.2034,1891.6469,1842.4197,2168.9824,2127.456,1890.3107,1605.2328
31,333.2731799812528,327.6564,327.8632,328.1165,328.77975,328.8687,329.2367,333.7876,349.98663,363.94537,368.18387,368.87976,368.72342,366.6033,366.1276,365.51392,363.7843,365.0454,364.20972,362.48764,365.70572,367.33954,357.07095,350.74646,337.66418
32,145.85295697393778,143.39468,143.48535,143.59615,143.9029,143.93054,144.08646,146.15785,153.44128,159.27621,161.13121,161.43571,161.3673,160.4395,160.23131,159.96971,159.2058,159.77722,159.39203,158.6383,160.04668,160.76183,156.26773,153.49992,147.77464
33,1673.9282584683158,1466.5636,1258.3555,1171.9862,1120.9543,1092.3141,1089.4229,1123.9436,1402.1718,1958.8195,2510.8804,2630.4634,2697.128,2681.9968,2560.638,2666.814,2608.8,2521.0247,2204.6035,1841.9507,1780.3741,2121.2788,2090.9497,1865.0687,1568.644
34,293.7132517088404,250.05702,209.84032,187.98375,180.87656,179.96437,179.85469,186.29982,211.44127,250.61354,262.98816,269.04858,266.46387,264.0077,271.45905,268.2412,260.46643,257.94745,271.0821,299.8758,327.43985,352.2396,347.16727,319.52853,288.51587
35,454.98044291379387,373.4858,290.0347,271.87067,246.28415,238.82828,240.27232,256.835,324.3165,481.23843,610.0015,647.70917,657.2581,658.2901,632.99786,647.1074,629.9948,604.20355,547.4162,492.0165,496.5917,563.9367,556.1183,513.2952,418.97302
3,185.19954034703096,185.7094,185.59312,186.30777,186.21045,186.73685,189.23851,199.6163,205.9401,208.68723,208.64955,208.60287,207.65442,207.61737,207.0219,206.0579,206.71901,206.33401,205.28645,207.07262,208.0282,202.17526,198.81569,191.22914,187.36884
4,254.43544355864324,215.00829,201.47977,188.31549,187.76509,186.86436,196.33928,238.96931,318.02692,387.35736,405.34488,411.30597,409.66983,402.5,403.71384,402.52438,384.424,352.91788,326.4512,323.77438,354.11166,352.0949,327.77756,277.55133,241.93323
5,154.3142044262511,154.73904,154.64212,155.23763,155.16045,155.59515,157.67964,166.32657,171.59587,173.88489,173.85355,173.8146,173.02428,172.99347,172.49728,171.69406,172.24487,171.92415,171.05128,172.53957,173.33574,168.45895,165.65962,159.33827,156.12032
6,64.71091212982931,64.88905,64.848434,65.10142,65.06414,65.24807,66.14856,69.74832,71.95792,72.91779,72.90464,72.85865,72.5569,72.543976,72.3359,71.999084,72.23007,72.10956,71.72953,72.35363,72.68753,70.64244,69.46854,66.81714,65.468315
7,314.04572105836434,271.0935,257.0274,240.56015,238.63849,238.54681,249.7775,299.65192,398.88193,481.99298,503.8332,511.52182,507.0419,492.0732,508.7737,497.96405,476.68494,438.23495,395.40735,399.30127,435.29376,430.578,393.36642,347.36987,300.0895
9,95.25157540570314,95.513794,95.45398,95.82639,95.77149,96.04224,97.31875,102.666275,105.91884,107.331696,107.312386,107.28835,106.80051,106.78149,106.47521,105.97942,106.31941,106.10817,105.58264,106.5013,106.9928,103.98251,102.25463,98.35273,96.366425
10,156.61194241176486,123.72841,111.23752,101.535324,98.97105,98.48483,105.596,137.82538,197.54433,254.6299,270.1647,269.4697,273.0566,264.9875,267.49332,262.35706,249.46077,227.4672,205.97285,209.43419,236.22678,234.13544,212.54874,174.6367,148.82195
11,492.1946090418074,419.14536,392.15887,364.25012,359.4396,357.48175,375.03665,461.9369,624.0864,779.99274,815.9392,815.9249,835.58417,801.2386,824.0901,809.3436,776.88477,702.35443,626.3631,633.6991,701.4773,685.989,625.6227,545.37524,475.84583
12,220.21967892815323,192.54503,183.60086,174.2823,172.71442,172.56963,179.1381,213.31496,276.93588,336.9936,351.75983,356.96777,357.13898,346.4759,355.497,349.09338,337.21658,307.8881,274.3483,263.437,301.47684,297.34317,274.7318,238.72733,209.86868
13,286.1987712612364,286.98663,286.80704,287.9364,287.82364,288.289,292.44052,308.47766,318.46585,322.49542,322.43738,322.36517,320.89938,320.84225,319.9221,318.43228,319.45398,318.85907,317.24026,320.00046,321.47717,312.43228,307.24045,295.51663,289.55118
14,118.15575388823146,118.46896,118.40038,118.8688,118.80071,119.134,120.732605,127.353424,131.38803,133.14072,133.11662,133.08687,132.48172,132.45815,132.07826,131.46318,131.88498,131.6229,130.97104,132.11058,132.72021,128.98613,126.842735,122.00258,119.53975
15,157.54102450994048,157.97476,157.87581,158.49174,158.43546,158.84875,160.97682,169.80455,175.18411,177.52097,177.49484,177.44919,176.6423,176.6109,176.10434,175.28429,175.84663,175.49725,174.62808,176.14746,176.96039,171.9815,169.12366,162.6702,159.38634
16,253.5380968457176,232.66939,221.64815,218.07884,216.94266,217.08226,223.9265,246.91895,268.3974,275.0459,278.49323,277.18948,276.772,278.3775,277.3933,272.7046,272.6931,278.40308,293.4684,307.51004,320.93152,312.43625,298.61884,278.90378,254.05966
17,318.25964671912544,319.10333,318.93597,320.1641,319.99686,320.9014,325.2533,343.03412,353.90152,358.62244,358.56973,358.47757,356.84763,356.784,355.76074,354.10474,355.2402,354.5787,352.7784,355.84787,357.49002,347.43195,341.6585,328.6214,321.9875
18,925.2763538731552,777.04877,736.18945,688.6288,683.1848,679.7255,705.6858,872.8598,1178.0994,1419.4215,1482.2899,1496.271,1506.1814,1475.0835,1478.2245,1470.4033,1414.9739,1289.0983,1183.2153,1182.1866,1290.6807,1279.1019,1199.3141,1006.42896,884.4186
20,253.28621520558977,253.95769,253.83755,254.824,254.7339,255.38881,258.81012,273.00275,281.65182,285.47495,285.35745,285.2936,283.99634,283.92145,283.13135,281.8136,282.717,282.15533,280.75784,283.20068,284.5076,276.50278,271.90826,261.53253,256.25296
23,1212.7063264300111,1026.4739,954.522,888.7633,882.01605,877.2902,921.2668,1117.6696,1542.6901,1874.6486,1965.7032,1993.0774,1983.6917,1949.3179,1953.0507,1951.0151,1856.7952,1701.8518,1546.0778,1551.9193,1708.4291,1691.6796,1571.6438,1315.1588,1143.4127
24,126.13691132648296,126.484146,126.41147,126.832405,126.85305,127.183975,128.86201,135.95593,140.26302,142.13403,142.1084,142.07661,141.43059,141.40538,141.00414,140.35216,140.79349,140.55864,139.81784,141.03435,141.68526,137.69888,135.4107,130.24358,127.61441
25,207.8475179209405,192.49248,184.45795,181.84013,182.04285,181.99156,187.08594,202.79411,222.53712,226.93849,229.67097,228.35876,227.20915,229.66135,228.27567,224.49055,223.90613,228.32718,238.7226,247.54457,259.07425,251.31631,241.96118,227.23308,207.80812
26,193.61696338941007,164.17986,153.8025,144.04951,142.94914,141.41345,149.44566,182.06203,251.36996,308.7726,323.62128,327.37256,327.88547,315.4467,328.28906,320.5679,306.86084,278.05695,246.82512,239.7949,272.96054,269.086,247.18727,211.24094,182.30203
27,836.0885534714387,742.84656,719.98413,691.3367,685.6796,686.19434,716.11896,828.11926,1020.4277,1166.4764,1204.8783,1217.0632,1215.7086,1180.6892,1196.7468,1181.2306,1166.4891,1081.9314,1018.2172,1018.66016,1092.7603,1074.6632,1006.91003,898.4353,815.0901
29,196.9262951316496,197.46843,197.3448,198.12195,198.0012,198.56096,201.30132,212.2559,218.98015,221.90123,221.86116,221.72131,220.80292,220.7636,220.13046,219.11926,219.80835,219.44159,218.28516,220.18436,221.20042,214.97691,211.40463,203.33774,199.23296
30,1505.599668971861,1310.4542,1217.0122,1167.4622,1145.7573,1147.4763,1180.5331,1455.1797,2007.3582,2544.5667,2687.8323,2748.071,2798.2168,2630.8381,2728.9993,2651.8777,2553.4524,2256.6316,1885.6715,1847.4315,2180.4373,2123.429,1883.5142,1608.627,1420.9624
31,326.9812850691918,327.84808,327.67615,328.96655,328.7745,329.69556,334.1124,352.43463,363.6,368.45023,368.38376,368.3014,366.62668,366.56134,365.51004,363.83105,364.9752,364.24994,362.44595,365.59955,367.2867,356.95276,351.02145,337.627,330.81134
32,143.0993856306182,143.49332,143.40352,143.9682,143.91182,144.1445,146.22026,154.23883,159.23293,161.24771,161.21869,161.18259,160.44969,160.42113,159.96104,159.21614,159.72699,159.42953,158.62013,160.00023,160.73859,156.21614,153.62022,147.75832,144.77559
33,1454.402367269559,1263.7542,1143.1818,1116.0718,1088.2457,1091.5934,1124.7258,1410.1467,2004.6567,2497.1824,2658.021,2699.395,2686.1826,2564.5398,2682.265,2611.2415,2526.1536,2221.449,1827.5435,1772.1957,2130.1133,2097.313,1856.73,1577.689,1376.3682
34,250.05825678983143,209.07162,187.90628,181.10587,179.95215,180.00461,187.29996,212.43169,250.7562,261.97867,269.34882,266.57324,264.03793,271.22122,268.23196,260.67606,258.42847,271.08954,299.75015,327.3533,352.4621,345.9524,318.66144,288.48303,248.61276
35,376.3728640262939,297.8474,269.87653,244.27107,239.43904,239.71855,255.07516,330.5925,483.64325,616.249,648.9544,658.13495,655.8063,633.58936,646.80707,632.85474,603.73517,547.2826,496.39355,499.04025,555.0897,552.5913,508.33853,419.6468,357.20743
3,185.48960716935167,185.5124,186.20985,186.26064,186.722,189.11946,199.74501,206.48091,208.43094,208.7709,208.73627,207.71208,207.5519,207.25362,206.13269,206.91696,206.40822,205.46062,206.81633,208.06999,202.29092,198.80383,191.04045,187.28444,186.9212
4,221.04951093070628,199.89032,189.07811,187.74939,187.68446,196.76367,239.41994,320.1196,388.75937,409.678,410.34134,413.2627,402.35217,402.68515,403.65326,382.05603,352.6952,325.16675,324.40253,353.53662,352.99408,326.6991,276.9902,241.32135,206.94814
5,154.55589741767537,154.57492,155.15602,155.19835,155.58669,157.58043,166.43398,172.04645,173.67136,173.95459,173.92577,173.07237,172.93884,172.69038,171.75636,172.40984,171.98595,171.19641,172.326,173.3706,168.55531,165.64973,159.18105,156.05136,155.74733
6,64.81226491189238,64.82022,65.06392,65.07903,65.24289,66.080605,69.820366,72.14691,72.828224,72.94703,72.93493,72.538155,72.52107,72.41688,72.02521,72.29925,72.121475,71.78873,72.2641,72.702126,70.68285,69.46441,66.751785,65.44291,65.311905
7,278.07836119743735,256.51807,242.08736,239.40533,239.20619,251.28375,300.7282,400.04373,484.72205,509.3681,512.8064,507.04263,492.87338,508.36734,498.10492,480.82547,439.08875,394.58533,388.63834,432.30078,429.53088,393.3355,344.58508,300.85516,262.6662
9,95.4007621787761,95.41248,95.77119,95.79345,96.03459,97.26766,102.76616,106.19689,107.19993,107.37474,107.35698,106.83021,106.74779,106.594406,106.01789,106.42126,106.15959,105.65926,106.369514,107.01427,104.042,102.24853,98.25568,96.32386,96.1362
10,128.08115607096482,111.1769,101.18146,99.13753,98.938774,105.74638,138.3876,197.2129,254.22882,271.5915,270.89334,274.9303,265.69818,267.25333,262.59525,250.44595,226.69879,206.648,209.26082,236.09644,234.8427,213.06476,174.46335,147.03076,119.606155
11,428.4532030073555,387.86215,363.19815,361.6499,355.53116,377.1008,462.06256,642.7574,793.1228,830.8164,830.3998,833.899,803.2817,825.30835,811.39264,778.5607,707.86914,633.0786,628.9676,699.31,684.1936,626.0458,530.9073,476.2004,401.61414
12,197.94702924229512,183.53383,174.69868,173.36388,173.31981,178.83514,213.48991,279.79538,340.68857,351.78488,358.60236,358.86813,345.06592,355.97168,349.3396,338.42603,305.6859,274.51614,262.6194,302.23746,297.22644,271.5558,243.11961,209.95085,188.05351
13,286.6470270613117,286.6822,287.76013,287.842,288.63586,292.32016,308.67673,319.08606,322.7032,322.62473,322.5713,320.98856,320.74097,320.28012,318.54794,319.75983,318.97372,317.5094,319.60452,321.54178,312.61096,307.22214,295.225,289.42062,288.85944
14,118.34081408873216,118.35486,118.80108,118.827934,119.127075,120.61239,127.43567,131.73299,132.9772,133.19412,133.17194,132.51854,132.4163,132.22607,131.51097,132.01123,131.68668,131.06604,131.9471,132.74692,129.05992,126.83515,121.8822,119.48589,119.254166
15,157.78777147421002,157.80716,158.40045,158.43727,158.88257,160.87553,169.91418,175.64403,177.30296,177.59212,177.56862,176.69142,176.55508,176.30148,175.34795,176.01508,175.58229,174.75478,175.92949,176.99588,172.07996,169.11354,162.50967,159.31456,159.00557
16,231.432630518162,221.28444,217.8421,216.46625,217.01558,223.85004,244.54272,268.18658,274.74216,278.8091,277.1907,276.76672,278.27173,277.23276,272.9001,272.32138,278.03513,293.4438,307.75592,320.6325,313.50235,298.78162,279.13535,253.99733,233.59743
17,318.7581175264705,318.796,319.99582,320.08307,320.87592,324.99588,343.0542,354.8308,358.18204,358.7662,358.71878,356.94675,356.67145,356.1589,354.2327,355.58096,354.70618,353.07773,355.4075,357.56183,347.6307,341.63818,328.29703,321.8425,321.21823
18,804.5437769749523,729.10864,690.72516,682.8358,684.23663,708.795,865.87286,1168.281,1446.6104,1490.9839,1507.7217,1509.6157,1472.5925,1475.0713,1468.826,1403.9081,1291.6691,1184.6729,1180.1827,1296.7355,1278.1084,1191.2544,1012.0939,874.1612,757.3462
20,253.68292206266213,253.71309,254.67636,254.74043,255.4528,258.6473,273.17926,282.39117,285.05844,285.47806,285.476,284.07535,283.85614,283.42398,281.91525,282.98843,282.29202,280.9616,282.85028,284.5647,276.6611,271.89185,261.27448,256.1375,255.64093
23,1048.6307308030837,957.20416,892.3329,881.34753,879.2711,921.0265,1115.2228,1543.0884,1895.6406,1981.1794,1998.9132,2012.9883,1951.9218,1950.6252,1953.2394,1863.953,1694.5656,1549.6775,1557.0028,1709.8492,1690.4712,1573.165,1317.4193,1144.339,986.27484
24,126.3344719304524,126.34995,126.82919,126.87502,127.211044,128.8067,136.07022,140.63133,141.95952,142.19104,142.16743,141.46991,141.36078,141.15764,140.39853,140.92633,140.5818,139.93326,140.85983,141.71367,137.77765,135.40263,130.11508,127.556946,127.30952
25,191.96389189121,184.42259,181.97867,182.05963,182.15337,187.04118,202.85205,221.82382,226.69151,229.78079,228.30542,227.3044,229.68495,228.17181,224.54308,224.07884,228.50601,238.76712,249.12547,259.46545,251.31448,242.28886,227.36954,208.14197,194.35397
26,169.45474452541686,153.22095,144.5383,143.61682,142.13487,148.64073,181.59746,246.61018,313.8802,323.67368,330.29547,328.8084,317.8033,325.54214,319.78976,307.15387,276.85068,246.16333,241.12106,270.92194,266.7517,249.3195,208.08571,183.43071,157.83392
27,763.1262882274045,720.9027,692.2412,690.0342,685.5877,718.6101,827.2523,1016.44244,1168.9592,1206.0925,1218.432,1219.1251,1182.5302,1196.5419,1179.4684,1160.75,1082.0542,1015.38763,1016.95593,1091.3588,1073.6384,1008.0442,899.1329,819.7855,740.4559
29,197.23472885968792,197.25894,198.0006,198.05698,198.54515,201.09445,212.47523,219.5552,221.62871,221.99019,221.95335,220.74596,220.6939,220.37682,219.18495,220.01567,219.4779,218.46527,219.91193,221.24489,215.09991,211.39195,203.13705,199.14322,198.75699
30,1348.3656816359362,1213.5236,1158.437,1157.5605,1143.0609,1188.442,1456.8914,2036.7734,2602.9731,2674.6648,2778.019,2815.653,2617.0967,2718.552,2650.8633,2551.0996,2264.4229,1903.5786,1851.3094,2167.5674,2129.9644,1891.4761,1608.4072,1419.7585,1247.1547
31,327.4934160504061,327.53232,328.76498,328.85867,329.67764,333.9022,352.66217,364.5547,367.99774,368.59796,368.53687,366.72855,366.44565,365.91913,363.94012,365.3195,364.42654,362.70895,365.14706,367.36047,357.15723,351.0003,337.29382,330.66232,330.02103
32,143.32351353065584,143.3411,143.88007,143.921,144.31793,146.16008,154.33836,159.54303,161.3516,161.31236,161.28564,160.49428,160.37048,160.14006,159.27397,159.87991,159.48686,158.7547,159.80226,160.77089,156.30548,153.61107,147.6125,144.71031,144.42972
33,1290.9100177215971,1154.0476,1090.7756,1096.1814,1090.198,1124.3198,1415.3712,1951.0469,2555.8604,2647.1794,2730.8865,2683.0881,2572.7273,2690.736,2619.5227,2521.073,2211.358,1840.3973,1784.4883,2119.6643,2090.5437,1833.444,1564.9031,1382.357,1178.2921
34,207.94983902393216,187.67502,180.8539,179.81735,180.02075,186.87141,212.08221,250.91269,261.69684,269.40848,266.70132,264.14716,271.67502,268.2449,261.29907,258.48096,270.18613,299.53806,326.6946,353.82498,344.45062,319.66504,288.383,248.15277,212.0118
35,309.1478882642939,268.23108,242.86742,239.09013,241.65524,257.50873,328.14844,480.23813,615.5432,653.3808,660.5533,658.38763,634.01044,649.18536,632.681,604.3023,547.8922,496.7513,501.4168,558.14343,552.59125,513.5604,418.24976,359.18658,289.67126
